shape_id,shape_pt_lat,shape_pt_lon,shape_pt_sequence,shape_dist_traveled
11146,49.69734,-123.15613,0,0
11146,49.69718,-123.1562,1,20
11146,49.69673,-123.15496,2,122
11146,49.69781,-123.15396,3,266
11146,49.69998,-123.15223,4,542
11146,49.70024,-123.15191,5,585
11146,49.70158,-123.15089,6,756
11146,49.702,-123.15045,7,818
11146,49.70271,-123.15001,8,908
11146,49.70354,-123.14887,9,1030
11146,49.70382,-123.14793,10,1108
11146,49.70395,-123.14767,11,1136
11146,49.70428,-123.14604,12,1256
11146,49.70422,-123.14564,13,1285
11146,49.70399,-123.14539,14,1316
11146,49.70262,-123.14476,15,1475
11146,49.70077,-123.14462,16,1679
11146,49.69987,-123.14442,17,1779
11146,49.69846,-123.14381,18,1940
11146,49.69791,-123.14369,19,2001
11146,49.69694,-123.14391,20,2108
11146,49.69546,-123.14475,21,2283
11146,49.69513,-123.14492,22,2320
11146,49.6951,-123.14463,23,2340
11146,49.69523,-123.1443,24,2369
11146,49.69614,-123.14385,25,2473
11146,49.69731,-123.14249,26,2634
11146,49.69775,-123.14212,27,2689
11146,49.69786,-123.14198,28,2709
11146,49.69889,-123.14156,29,2833
11146,49.69994,-123.14019,30,2990
11146,49.70019,-123.1401,31,3021
11146,49.70049,-123.13989,32,3056
11146,49.7008,-123.13816,33,3187
11146,49.70136,-123.13723,34,3282
11146,49.70157,-123.13718,35,3304
11146,49.70181,-123.13741,36,3333
11146,49.70236,-123.13639,37,3435
11146,49.70258,-123.136,38,3472
11146,49.70279,-123.13604,39,3496
11146,49.70299,-123.1365,40,3534
11146,49.70319,-123.13666,41,3557
11146,49.7034,-123.13671,42,3580
11146,49.70343,-123.13709,43,3610
11146,49.70339,-123.1375,44,3642
11146,49.70342,-123.13934,45,3773
11146,49.70325,-123.13931,46,3801
11146,49.70307,-123.13904,47,3831
11146,49.70299,-123.13876,48,3855
11146,49.70247,-123.13794,49,3936
11146,49.70199,-123.1377,50,3989
11146,49.7018,-123.13754,51,4016
11146,49.70172,-123.13729,52,4038
11146,49.7015,-123.13716,53,4062
11146,49.70125,-123.13741,54,4094
11146,49.70088,-123.1381,55,4158
11146,49.7006,-123.13949,56,4261
11146,49.70043,-123.14006,57,4305
11146,49.70012,-123.14013,58,4338
11146,49.69962,-123.14077,59,4410
11146,49.69889,-123.14156,60,4511
11146,49.69786,-123.14207,61,4631
11146,49.69731,-123.14249,62,4698
11146,49.69662,-123.14338,63,4799
11146,49.69629,-123.14372,64,4846
11146,49.69608,-123.14369,65,4878
11146,49.69615,-123.14323,66,4912
11146,49.69687,-123.14103,67,5089
11146,49.69707,-123.14055,68,5129
11146,49.6976,-123.13981,69,5207
11146,49.69781,-123.1393,70,5249
11146,49.69787,-123.13892,71,5277
11146,49.69784,-123.13846,72,5310
11146,49.69765,-123.13806,73,5349
11146,49.69718,-123.13657,74,5472
11146,49.69714,-123.13626,75,5494
11146,49.69746,-123.13434,76,5636
11146,49.69759,-123.13335,77,5712
11146,49.69804,-123.13124,78,5877
11146,49.69821,-123.13021,79,5952
11146,49.69872,-123.12913,80,6054
11146,49.69931,-123.12802,81,6163
11146,49.69989,-123.12679,82,6271
11146,49.70025,-123.12508,83,6405
11146,49.70039,-123.12484,84,6431
11146,49.70183,-123.12561,85,6600
11146,49.70214,-123.12571,86,6639
11146,49.70333,-123.12649,87,6787
11146,49.70316,-123.12728,88,6850
11146,49.70263,-123.12927,89,7008
11146,49.70185,-123.13106,90,7162
11146,49.7016,-123.13167,91,7217
11146,49.70095,-123.13286,92,7328
11146,49.70083,-123.1331,93,7349
11146,49.7004,-123.13457,94,7468
11146,49.70002,-123.13545,95,7543
11146,49.69973,-123.13582,96,7584
11146,49.69832,-123.13705,97,7766
11146,49.69756,-123.13767,98,7864
11146,49.69784,-123.13846,99,7928
11146,49.69787,-123.13892,100,7961
11146,49.69781,-123.1393,101,7989
11146,49.6976,-123.13981,102,8031
11146,49.697,-123.14068,103,8121
11146,49.6964,-123.14241,104,8261
11146,49.69626,-123.14301,105,8310
11146,49.69615,-123.14323,106,8332
11146,49.69607,-123.1435,107,8353
11146,49.69614,-123.14385,108,8379
11146,49.69527,-123.14433,109,8481
11146,49.6953,-123.14459,110,8502
11146,49.69664,-123.14391,111,8660
11146,49.69738,-123.14357,112,8745
11146,49.69824,-123.14356,113,8839
11146,49.69976,-123.14419,114,9014
11146,49.70066,-123.14446,115,9114
11146,49.70222,-123.14453,116,9286
11146,49.70392,-123.14512,117,9479
11146,49.70447,-123.14536,118,9540
11146,49.70401,-123.14812,119,9746
11146,49.70343,-123.14931,120,9854
11146,49.70158,-123.15089,121,10088
11146,49.7016,-123.15239,122,10196
11146,49.70165,-123.15312,123,10252
11146,49.70162,-123.15401,124,10320
11146,49.70084,-123.15469,125,10420
11146,49.70001,-123.15538,126,10524
11146,49.69924,-123.15603,127,10621
11146,49.69879,-123.15485,128,10718
11146,49.69734,-123.15613,129,10906
11155,49.74732,-123.11044,0,0
11155,49.74714,-123.11191,1,110
11155,49.74719,-123.11235,2,141
11155,49.7468,-123.1127,3,193
11155,49.74662,-123.11299,4,225
11155,49.74577,-123.11198,5,343
11155,49.74556,-123.11182,6,367
11155,49.74531,-123.11178,7,394
11155,49.74461,-123.11206,8,472
11155,49.74326,-123.11247,9,623
11155,49.74293,-123.11258,10,659
11155,49.74274,-123.11296,11,698
11155,49.74247,-123.11429,12,799
11155,49.74235,-123.11454,13,819
11155,49.74121,-123.11546,14,961
11155,49.74063,-123.11579,15,1027
11155,49.74037,-123.11581,16,1054
11155,49.74041,-123.1161,17,1079
11155,49.74038,-123.11634,18,1099
11155,49.74044,-123.11662,19,1119
11155,49.74026,-123.11673,20,1141
11155,49.74003,-123.11665,21,1166
11155,49.73907,-123.11696,22,1273
11155,49.73795,-123.11783,23,1408
11155,49.73681,-123.11919,24,1567
11155,49.73622,-123.12028,25,1668
11155,49.73554,-123.12281,26,1865
11155,49.73541,-123.12325,27,1900
11155,49.73507,-123.12344,28,1939
11155,49.73506,-123.12688,29,2186
11155,49.73559,-123.1268,30,2250
11155,49.73746,-123.1269,31,2464
11155,49.73851,-123.12691,32,2579
11155,49.73884,-123.12695,33,2615
11155,49.73926,-123.1272,34,2662
11155,49.73917,-123.12768,35,2698
11155,49.73915,-123.13036,36,2890
11155,49.74017,-123.13038,37,3002
11155,49.74014,-123.13156,38,3103
11155,49.73916,-123.13151,39,3215
11155,49.73837,-123.13153,40,3304
11155,49.73577,-123.13146,41,3595
11155,49.73553,-123.13148,42,3621
11159,49.76057,-123.1457,0,0
11159,49.76053,-123.14986,1,302
11159,49.76078,-123.14978,2,335
11159,49.76256,-123.14976,3,545
11159,49.76277,-123.14985,4,574
11159,49.76398,-123.14982,5,708
11159,49.7653,-123.15049,6,859
11159,49.76565,-123.15048,7,903
11159,49.76601,-123.15056,8,948
11159,49.76602,-123.15201,9,1052
11159,49.76607,-123.15321,10,1142
11159,49.76771,-123.15326,11,1352
11159,49.76786,-123.15334,12,1373
11159,49.76784,-123.15194,13,1473
11159,49.76779,-123.15133,14,1521
11159,49.76784,-123.1509,15,1556
11159,49.76894,-123.1519,16,1698
11159,49.7702,-123.15301,17,1859
11159,49.77058,-123.15325,18,1908
11166,49.77058,-123.15325,0,0
11166,49.77352,-123.15596,1,385
11166,49.77422,-123.15411,2,538
11166,49.77435,-123.15357,3,585
11166,49.77499,-123.15191,4,729
11166,49.77541,-123.15001,5,873
11166,49.774,-123.14933,6,1039
11166,49.77309,-123.14873,7,1148
11166,49.77225,-123.14746,8,1276
11166,49.77148,-123.14596,9,1413
11166,49.77072,-123.14504,10,1520
11166,49.76961,-123.14429,11,1653
11166,49.76946,-123.14428,12,1673
11166,49.76933,-123.14416,13,1693
11166,49.7683,-123.1439,14,1807
11166,49.76687,-123.14396,15,1966
11166,49.76637,-123.14404,16,2024
11166,49.76594,-123.14401,17,2074
11166,49.76597,-123.14588,18,2208
11166,49.766,-123.14825,19,2377
11166,49.76604,-123.14857,20,2404
11166,49.766,-123.14921,21,2454
11166,49.76509,-123.14838,22,2572
11166,49.76415,-123.14754,23,2692
11166,49.76342,-123.14695,24,2786
11166,49.76325,-123.14672,25,2814
11166,49.76053,-123.14426,26,3164
11166,49.7597,-123.14358,27,3268
11166,49.75948,-123.14346,28,3298
11166,49.75849,-123.14259,29,3427
11166,49.75702,-123.14148,30,3612
11166,49.75687,-123.14131,31,3635
11166,49.75664,-123.14121,32,3661
11166,49.75564,-123.14124,33,3770
11166,49.75452,-123.14134,34,3897
11166,49.75323,-123.14132,35,4041
11166,49.75282,-123.14122,36,4085
11166,49.75215,-123.14078,37,4163
11166,49.75177,-123.14075,38,4203
11166,49.75067,-123.14117,39,4328
11166,49.74901,-123.14131,40,4511
11166,49.74803,-123.14131,41,4619
11166,49.74771,-123.1412,42,4653
11166,49.74689,-123.14052,43,4755
11166,49.74625,-123.13968,44,4845
11166,49.74566,-123.13833,45,4959
11166,49.74545,-123.13807,46,4987
11166,49.74525,-123.13801,47,5008
11166,49.74472,-123.13807,48,5065
11166,49.74456,-123.13818,49,5086
11166,49.74343,-123.13823,50,5212
11166,49.74272,-123.13816,51,5288
11166,49.74191,-123.13744,52,5393
11166,49.74179,-123.13724,53,5415
11166,49.74156,-123.13708,54,5441
11166,49.74081,-123.13699,55,5521
11166,49.74081,-123.13546,56,5630
11166,49.7408,-123.13393,57,5737
11166,49.74074,-123.13202,58,5880
11166,49.74079,-123.13153,59,5921
11166,49.74014,-123.13156,60,5996
11166,49.73916,-123.13151,61,6108
11166,49.73837,-123.13153,62,6197
11166,49.73577,-123.13146,63,6488
11166,49.73553,-123.13148,64,6514
11175,49.7358,-123.13138,0,0
11175,49.73833,-123.13148,1,287
11175,49.73848,-123.1314,2,309
11175,49.74027,-123.13151,3,513
11175,49.74045,-123.13143,4,538
11175,49.74079,-123.13153,5,582
11175,49.74071,-123.12993,6,695
11175,49.7405,-123.12904,7,760
11175,49.73999,-123.12798,8,853
11175,49.73918,-123.12714,9,959
11175,49.73914,-123.12675,10,995
11175,49.73922,-123.12507,11,1116
11175,49.74007,-123.12404,12,1237
11175,49.74037,-123.12368,13,1278
11175,49.74028,-123.12348,14,1298
11175,49.73929,-123.12356,15,1405
11175,49.73858,-123.12345,16,1483
11175,49.7384,-123.12332,17,1504
11175,49.73775,-123.12218,18,1610
11175,49.73752,-123.12168,19,1653
11175,49.7379,-123.12092,20,1733
11175,49.7381,-123.12083,21,1763
11175,49.73923,-123.11937,22,1927
11175,49.73956,-123.11899,23,1972
11175,49.73992,-123.1188,24,2016
11175,49.74028,-123.11889,25,2060
11175,49.74029,-123.11687,26,2205
11175,49.74022,-123.11656,27,2227
11175,49.74029,-123.11626,28,2249
11175,49.74024,-123.11508,29,2338
11175,49.74029,-123.11056,30,2669
11175,49.74035,-123.11038,31,2690
11175,49.74047,-123.11016,32,2713
11175,49.74075,-123.11013,33,2750
11175,49.74111,-123.11021,34,2795
11175,49.7411,-123.10778,35,2970
11175,49.74105,-123.10746,36,2997
11175,49.74129,-123.10527,37,3160
11175,49.74138,-123.10484,38,3191
11175,49.74239,-123.10362,39,3337
11175,49.7429,-123.10326,40,3403
11175,49.74312,-123.10332,41,3425
11175,49.74381,-123.10424,42,3523
11175,49.74392,-123.10484,43,3569
11175,49.74413,-123.10508,44,3602
11175,49.74492,-123.10618,45,3725
11175,49.74575,-123.1072,46,3842
11175,49.74594,-123.10734,47,3869
11175,49.7461,-123.1077,48,3904
11175,49.74612,-123.10801,49,3925
11175,49.74602,-123.1083,50,3949
11175,49.74584,-123.10847,51,3971
11175,49.7449,-123.10826,52,4074
11175,49.74375,-123.10727,53,4216
11175,49.74355,-123.10716,54,4243
11175,49.74306,-123.1066,55,4314
11175,49.74243,-123.10555,56,4416
11175,49.74226,-123.10539,57,4436
11175,49.74208,-123.1053,58,4456
11175,49.74139,-123.1053,59,4530
11175,49.74112,-123.10649,60,4631
11175,49.74111,-123.11021,61,4896
11175,49.74248,-123.11022,62,5048
11175,49.74333,-123.11013,63,5148
11175,49.74429,-123.11022,64,5260
11175,49.74664,-123.11021,65,5519
11175,49.74728,-123.11021,66,5591
11175,49.74732,-123.11044,67,5611
11200,49.74084,-123.13243,0,0
11200,49.7408,-123.13275,1,27
11200,49.74081,-123.13418,2,129
11200,49.74081,-123.13577,3,240
11200,49.74081,-123.13654,4,295
11200,49.74091,-123.13682,5,316
11200,49.74116,-123.137,6,347
11200,49.74186,-123.13721,7,425
11200,49.74197,-123.13743,8,447
11200,49.74235,-123.1379,9,500
11200,49.74272,-123.13816,10,544
11200,49.74383,-123.13822,11,665
11200,49.7453,-123.13801,12,824
11200,49.74549,-123.13795,13,849
11200,49.74555,-123.13817,14,870
11200,49.74625,-123.13968,15,1000
11200,49.74662,-123.14024,16,1056
11200,49.74748,-123.14103,17,1164
11200,49.74771,-123.1412,18,1192
11200,49.74835,-123.14134,19,1262
11200,49.74962,-123.14127,20,1402
11200,49.74978,-123.14117,21,1425
11200,49.75067,-123.14117,22,1529
11200,49.7516,-123.14079,23,1635
11200,49.75203,-123.14075,24,1681
11200,49.75291,-123.14126,25,1783
11200,49.75446,-123.14129,26,1952
11200,49.755,-123.14119,27,2017
11200,49.75647,-123.1412,28,2184
11200,49.75671,-123.14123,29,2210
11200,49.75803,-123.14221,30,2371
11200,49.75825,-123.14231,31,2401
11200,49.75921,-123.14318,32,2528
11200,49.75972,-123.1435,33,2593
11200,49.75991,-123.14375,34,2625
11200,49.76053,-123.14426,35,2703
11200,49.76057,-123.1457,36,2810
11200,49.76053,-123.14986,37,3112
11200,49.76078,-123.14978,38,3145
11200,49.76256,-123.14976,39,3355
11200,49.76277,-123.14985,40,3384
11200,49.76398,-123.14982,41,3518
11200,49.7653,-123.15049,42,3669
11200,49.76565,-123.15048,43,3713
11200,49.76601,-123.15056,44,3758
11200,49.76602,-123.15201,45,3862
11200,49.76607,-123.15321,46,3952
11200,49.76771,-123.15326,47,4162
11200,49.76786,-123.15334,48,4183
11200,49.76784,-123.15194,49,4283
11200,49.76779,-123.15133,50,4331
11200,49.76784,-123.1509,51,4366
11200,49.76894,-123.1519,52,4508
11200,49.7702,-123.15301,53,4669
11200,49.77058,-123.15325,54,4718
11228,49.69734,-123.15613,0,0
11228,49.69718,-123.1562,1,20
11228,49.69673,-123.15496,2,122
11228,49.69781,-123.15396,3,266
11228,49.69998,-123.15223,4,542
11228,49.70024,-123.15191,5,585
11228,49.70158,-123.15089,6,756
11228,49.702,-123.15045,7,818
11228,49.70271,-123.15001,8,908
11228,49.70354,-123.14887,9,1030
11228,49.70382,-123.14793,10,1108
11228,49.70395,-123.14767,11,1136
11228,49.70438,-123.14555,12,1292
11228,49.70463,-123.14543,13,1326
11228,49.70719,-123.14654,14,1619
11228,49.7091,-123.14737,15,1839
11228,49.7121,-123.14774,16,2172
11228,49.71537,-123.14781,17,2536
11228,49.71781,-123.14783,18,2805
11228,49.71824,-123.14784,19,2852
11228,49.71824,-123.15048,20,3040
11228,49.72065,-123.15047,21,3306
11228,49.72167,-123.15041,22,3423
11228,49.72208,-123.15051,23,3474
11228,49.72257,-123.15048,24,3528
11228,49.72269,-123.15026,25,3548
11228,49.72276,-123.14975,26,3587
11228,49.72276,-123.1481,27,3703
11228,49.72485,-123.14797,28,3942
11228,49.72574,-123.1477,29,4042
11228,49.72665,-123.14695,30,4156
11228,49.72697,-123.14657,31,4200
11228,49.72757,-123.14536,32,4309
11228,49.72884,-123.14203,33,4586
11228,49.73022,-123.13846,34,4884
11228,49.73061,-123.13754,35,4963
11228,49.73127,-123.13647,36,5068
11228,49.73216,-123.13548,37,5190
11228,49.73304,-123.13492,38,5294
11228,49.73395,-123.13473,39,5395
11228,49.73466,-123.13474,40,5473
11228,49.73489,-123.1346,41,5500
11228,49.73504,-123.13429,42,5527
11228,49.73504,-123.13146,43,5728
11228,49.7358,-123.13138,44,5817
11228,49.73833,-123.13148,45,6104
11228,49.73848,-123.1314,46,6126
11228,49.74027,-123.13151,47,6330
11228,49.74045,-123.13143,48,6355
11228,49.74079,-123.13153,49,6399
11228,49.74084,-123.13243,50,6467
11228,49.7408,-123.13275,51,6494
11228,49.74081,-123.13469,52,6632
11228,49.74093,-123.13502,53,6659
11228,49.74111,-123.13521,54,6683
11228,49.74355,-123.13537,55,6954
11228,49.74582,-123.13556,56,7207
11228,49.7533,-123.13605,57,8039
11228,49.75354,-123.13585,58,8069
11228,49.75423,-123.13427,59,8203
11228,49.75403,-123.13403,60,8230
11228,49.75371,-123.13385,61,8266
11228,49.75276,-123.13378,62,8369
11228,49.75257,-123.13384,63,8390
11233,49.69734,-123.15613,0,0
11233,49.69718,-123.1562,1,20
11233,49.69673,-123.15496,2,122
11233,49.69781,-123.15396,3,266
11233,49.69998,-123.15223,4,542
11233,49.70024,-123.15191,5,585
11233,49.70158,-123.15089,6,756
11233,49.702,-123.15045,7,818
11233,49.70271,-123.15001,8,908
11233,49.70294,-123.14966,9,944
11233,49.70348,-123.14918,10,1011
11233,49.70427,-123.15068,11,1150
11233,49.70458,-123.15122,12,1201
11233,49.70482,-123.15133,13,1233
11233,49.70634,-123.15195,14,1412
11233,49.70757,-123.15233,15,1554
11233,49.70846,-123.15296,16,1666
11233,49.70939,-123.15373,17,1781
11233,49.70966,-123.15386,18,1817
11233,49.71037,-123.15514,19,1941
11233,49.71094,-123.15585,20,2021
11233,49.71191,-123.15644,21,2141
11233,49.71353,-123.15751,22,2344
11233,49.71372,-123.15766,23,2371
11233,49.71507,-123.15765,24,2520
11233,49.71559,-123.1576,25,2577
11233,49.71594,-123.1574,26,2618
11233,49.71623,-123.15709,27,2656
11233,49.71686,-123.15603,28,2759
11233,49.71729,-123.15534,29,2828
11233,49.71786,-123.15487,30,2902
11233,49.71801,-123.15491,31,2923
11233,49.71826,-123.15487,32,2950
11233,49.71826,-123.15343,33,3053
11233,49.71825,-123.15149,34,3192
11233,49.71824,-123.15048,35,3265
11233,49.71877,-123.15039,36,3329
11233,49.71895,-123.15047,37,3355
11233,49.72025,-123.15046,38,3498
11233,49.7215,-123.15049,39,3636
11233,49.72167,-123.15041,40,3660
11233,49.72208,-123.15051,41,3711
11233,49.72257,-123.15048,42,3765
11233,49.72269,-123.15026,43,3785
11233,49.72291,-123.15032,44,3810
11233,49.72297,-123.15065,45,3834
11233,49.72279,-123.15087,46,3858
11233,49.72283,-123.15164,47,3916
11233,49.72281,-123.15465,48,4136
11233,49.72324,-123.15457,49,4190
11233,49.7235,-123.15466,50,4224
11233,49.72459,-123.15465,51,4344
11233,49.72582,-123.15465,52,4481
11233,49.72697,-123.15464,53,4608
11233,49.72719,-123.15474,54,4633
11233,49.72736,-123.15488,55,4653
11233,49.72758,-123.15529,56,4692
11233,49.72765,-123.15551,57,4712
11233,49.72765,-123.15587,58,4741
11233,49.72783,-123.15586,59,4761
11233,49.72893,-123.15465,60,4910
11233,49.72908,-123.1544,61,4934
11233,49.7292,-123.15405,62,4962
11233,49.72926,-123.15298,63,5043
11233,49.72936,-123.15255,64,5080
11233,49.72947,-123.15099,65,5197
11233,49.72971,-123.14921,66,5333
11233,49.72976,-123.14812,67,5416
11233,49.72985,-123.14771,68,5451
11233,49.72987,-123.14692,69,5506
11233,49.72966,-123.14554,70,5606
11233,49.72944,-123.1441,71,5711
11233,49.72924,-123.14367,72,5748
11233,49.7285,-123.14258,73,5860
11233,49.72827,-123.14223,74,5895
11233,49.72779,-123.14112,75,5990
11233,49.72751,-123.14084,76,6026
11233,49.72663,-123.14066,77,6124
11233,49.72662,-123.14099,78,6147
11233,49.72669,-123.14126,79,6168
11233,49.72646,-123.14131,80,6194
11233,49.72617,-123.14129,81,6225
11233,49.72551,-123.14152,82,6308
11233,49.72519,-123.14148,83,6345
11233,49.72519,-123.14072,84,6399
11233,49.72663,-123.14066,85,6555
11233,49.72662,-123.14099,86,6578
11233,49.72669,-123.14126,87,6599
11233,49.7273,-123.14228,88,6699
11233,49.72767,-123.14274,89,6751
11233,49.72777,-123.14304,90,6775
11233,49.7278,-123.14386,91,6833
11233,49.72806,-123.14393,92,6865
11233,49.72927,-123.14094,93,7120
11233,49.73022,-123.13846,94,7326
11233,49.73061,-123.13754,95,7405
11233,49.73127,-123.13647,96,7510
11233,49.73216,-123.13548,97,7632
11233,49.73304,-123.13492,98,7736
11233,49.73395,-123.13473,99,7837
11233,49.73466,-123.13474,100,7915
11233,49.73489,-123.1346,101,7942
11233,49.73504,-123.13429,102,7969
11233,49.73504,-123.13146,103,8170
11233,49.7358,-123.13138,104,8259
11233,49.73833,-123.13148,105,8546
11233,49.73848,-123.1314,106,8568
11233,49.74027,-123.13151,107,8772
11233,49.74045,-123.13143,108,8797
11233,49.74079,-123.13153,109,8841
11233,49.74084,-123.13243,110,8909
11233,49.7408,-123.13275,111,8936
11233,49.74081,-123.13418,112,9038
11233,49.74081,-123.13577,113,9149
11233,49.74081,-123.13654,114,9204
11233,49.74091,-123.13682,115,9225
11233,49.74116,-123.137,116,9256
11233,49.74186,-123.13721,117,9334
11233,49.74197,-123.13743,118,9356
11233,49.74235,-123.1379,119,9409
11233,49.74272,-123.13816,120,9453
11233,49.74383,-123.13822,121,9574
11233,49.7453,-123.13801,122,9733
11233,49.74549,-123.13795,123,9758
11233,49.74555,-123.13817,124,9779
11233,49.74625,-123.13968,125,9909
11233,49.74662,-123.14024,126,9965
11233,49.74748,-123.14103,127,10073
11233,49.74771,-123.1412,128,10101
11233,49.74835,-123.14134,129,10171
11233,49.74962,-123.14127,130,10311
11233,49.74978,-123.14117,131,10334
11233,49.75067,-123.14117,132,10438
11233,49.7516,-123.14079,133,10544
11233,49.75203,-123.14075,134,10590
11233,49.75291,-123.14126,135,10692
11233,49.75446,-123.14129,136,10861
11233,49.755,-123.14119,137,10926
11233,49.75647,-123.1412,138,11093
11233,49.75671,-123.14123,139,11119
11233,49.75803,-123.14221,140,11280
11233,49.75825,-123.14231,141,11310
11233,49.75921,-123.14318,142,11437
11233,49.75972,-123.1435,143,11502
11233,49.75991,-123.14375,144,11534
11233,49.76053,-123.14426,145,11612
11233,49.76057,-123.1457,146,11719
11233,49.76053,-123.14986,147,12021
11233,49.76078,-123.14978,148,12054
11233,49.76256,-123.14976,149,12264
11233,49.76277,-123.14985,150,12293
11233,49.76398,-123.14982,151,12427
11233,49.7653,-123.15049,152,12578
11233,49.76565,-123.15048,153,12622
11233,49.76601,-123.15056,154,12667
11233,49.76602,-123.15201,155,12771
11233,49.76607,-123.15321,156,12861
11233,49.76771,-123.15326,157,13071
11233,49.76786,-123.15334,158,13092
11233,49.76784,-123.15194,159,13192
11233,49.76779,-123.15133,160,13240
11233,49.76784,-123.1509,161,13275
11233,49.76894,-123.1519,162,13417
11233,49.7702,-123.15301,163,13578
11233,49.77058,-123.15325,164,13627
11252,49.69734,-123.15613,0,0
11252,49.69718,-123.1562,1,20
11252,49.69673,-123.15496,2,122
11252,49.69781,-123.15396,3,266
11252,49.69998,-123.15223,4,542
11252,49.70024,-123.15191,5,585
11252,49.70158,-123.15089,6,756
11252,49.702,-123.15045,7,818
11252,49.70271,-123.15001,8,908
11252,49.70294,-123.14966,9,944
11252,49.70348,-123.14918,10,1011
11252,49.70427,-123.15068,11,1150
11252,49.70458,-123.15122,12,1201
11252,49.70482,-123.15133,13,1233
11252,49.70634,-123.15195,14,1412
11252,49.70757,-123.15233,15,1554
11252,49.70846,-123.15296,16,1666
11252,49.70939,-123.15373,17,1781
11252,49.70966,-123.15386,18,1817
11252,49.71037,-123.15514,19,1941
11252,49.71094,-123.15585,20,2021
11252,49.71191,-123.15644,21,2141
11252,49.71353,-123.15751,22,2344
11252,49.71372,-123.15766,23,2371
11252,49.71507,-123.15765,24,2520
11252,49.71559,-123.1576,25,2577
11252,49.71594,-123.1574,26,2618
11252,49.71623,-123.15709,27,2656
11252,49.71686,-123.15603,28,2759
11252,49.71729,-123.15534,29,2828
11252,49.71786,-123.15487,30,2902
11252,49.71801,-123.15491,31,2923
11252,49.71826,-123.15487,32,2950
11252,49.71826,-123.15343,33,3053
11252,49.71825,-123.15149,34,3192
11252,49.71824,-123.15048,35,3265
11252,49.71877,-123.15039,36,3329
11252,49.71895,-123.15047,37,3355
11252,49.72025,-123.15046,38,3498
11252,49.7215,-123.15049,39,3636
11252,49.72167,-123.15041,40,3660
11252,49.72208,-123.15051,41,3711
11252,49.72257,-123.15048,42,3765
11252,49.72269,-123.15026,43,3785
11252,49.72291,-123.15032,44,3810
11252,49.72297,-123.15065,45,3834
11252,49.72279,-123.15087,46,3858
11252,49.72283,-123.15164,47,3916
11252,49.72281,-123.15465,48,4136
11252,49.72324,-123.15457,49,4190
11252,49.7235,-123.15466,50,4224
11252,49.72459,-123.15465,51,4344
11252,49.72582,-123.15465,52,4481
11252,49.72697,-123.15464,53,4608
11252,49.72719,-123.15474,54,4633
11252,49.72736,-123.15488,55,4653
11252,49.72758,-123.15529,56,4692
11252,49.72765,-123.15551,57,4712
11252,49.72765,-123.15587,58,4741
11252,49.72783,-123.15586,59,4761
11252,49.72893,-123.15465,60,4910
11252,49.72908,-123.1544,61,4934
11252,49.7292,-123.15405,62,4962
11252,49.72926,-123.15298,63,5043
11252,49.72936,-123.15255,64,5080
11252,49.72947,-123.15099,65,5197
11252,49.72971,-123.14921,66,5333
11252,49.72976,-123.14812,67,5416
11252,49.72985,-123.14771,68,5451
11252,49.72987,-123.14692,69,5506
11252,49.72966,-123.14554,70,5606
11252,49.72944,-123.1441,71,5711
11252,49.72924,-123.14367,72,5748
11252,49.7285,-123.14258,73,5860
11252,49.72827,-123.14223,74,5895
11252,49.72779,-123.14112,75,5990
11252,49.72751,-123.14084,76,6026
11252,49.72663,-123.14066,77,6124
11252,49.72662,-123.14099,78,6147
11252,49.72669,-123.14126,79,6168
11252,49.72646,-123.14131,80,6194
11252,49.72617,-123.14129,81,6225
11252,49.72551,-123.14152,82,6308
11252,49.72519,-123.14148,83,6345
11252,49.72519,-123.14072,84,6399
11252,49.72648,-123.14065,85,6539
11252,49.72751,-123.14084,86,6653
11252,49.72779,-123.14112,87,6689
11252,49.72827,-123.14223,88,6784
11252,49.72924,-123.14367,89,6931
11252,49.72944,-123.1441,90,6968
11252,49.72966,-123.14554,91,7073
11252,49.72984,-123.14579,92,7100
11252,49.73007,-123.14587,93,7125
11252,49.73121,-123.14505,94,7263
11252,49.73218,-123.14405,95,7390
11252,49.73337,-123.14275,96,7558
11252,49.73351,-123.14278,97,7579
11252,49.73441,-123.14195,98,7695
11252,49.73499,-123.1414,99,7770
11252,49.73499,-123.13976,100,7887
11252,49.73497,-123.13732,101,8067
11252,49.73503,-123.13543,102,8207
11252,49.73505,-123.13378,103,8324
11252,49.73505,-123.13207,104,8446
11252,49.73504,-123.13146,105,8489
11252,49.7358,-123.13138,106,8578
11252,49.73833,-123.13148,107,8865
11252,49.73848,-123.1314,108,8887
11252,49.74027,-123.13151,109,9091
11252,49.74045,-123.13143,110,9116
11252,49.74079,-123.13153,111,9160
11252,49.74071,-123.12993,112,9273
11252,49.7405,-123.12904,113,9338
11252,49.73999,-123.12798,114,9431
11252,49.73918,-123.12714,115,9537
11252,49.73914,-123.12675,116,9573
11252,49.73922,-123.12507,117,9694
11252,49.74007,-123.12404,118,9815
11252,49.74037,-123.12368,119,9856
11252,49.74028,-123.12348,120,9876
11252,49.73929,-123.12356,121,9983
11252,49.73858,-123.12345,122,10061
11252,49.7384,-123.12332,123,10082
11252,49.73775,-123.12218,124,10188
11252,49.73752,-123.12168,125,10231
11252,49.7379,-123.12092,126,10311
11252,49.7381,-123.12083,127,10341
11252,49.73923,-123.11937,128,10505
11252,49.73956,-123.11899,129,10550
11252,49.73992,-123.1188,130,10594
11252,49.74028,-123.11889,131,10638
11252,49.74029,-123.11687,132,10783
11252,49.74022,-123.11656,133,10805
11252,49.74029,-123.11626,134,10827
11252,49.74024,-123.11508,135,10916
11252,49.74029,-123.11056,136,11247
11252,49.74035,-123.11038,137,11268
11252,49.74047,-123.11016,138,11291
11252,49.74075,-123.11013,139,11328
11252,49.74111,-123.11021,140,11373
11252,49.7411,-123.10778,141,11548
11252,49.74105,-123.10746,142,11575
11252,49.74129,-123.10527,143,11738
11252,49.74138,-123.10484,144,11769
11252,49.74239,-123.10362,145,11915
11252,49.7429,-123.10326,146,11981
11252,49.74312,-123.10332,147,12003
11252,49.74381,-123.10424,148,12101
11252,49.74392,-123.10484,149,12147
11252,49.74413,-123.10508,150,12180
11252,49.74492,-123.10618,151,12303
11252,49.74575,-123.1072,152,12420
11252,49.74594,-123.10734,153,12447
11252,49.7461,-123.1077,154,12482
11252,49.74612,-123.10801,155,12503
11252,49.74602,-123.1083,156,12527
11252,49.74584,-123.10847,157,12549
11252,49.7449,-123.10826,158,12652
11252,49.74375,-123.10727,159,12794
11252,49.74355,-123.10716,160,12821
11252,49.74306,-123.1066,161,12892
11252,49.74243,-123.10555,162,12994
11252,49.74226,-123.10539,163,13014
11252,49.74208,-123.1053,164,13034
11252,49.74139,-123.1053,165,13108
11252,49.74112,-123.10649,166,13209
11252,49.74111,-123.11021,167,13474
11252,49.74248,-123.11022,168,13626
11252,49.74333,-123.11013,169,13726
11252,49.74429,-123.11022,170,13838
11252,49.74664,-123.11021,171,14097
11252,49.74728,-123.11021,172,14169
11252,49.74732,-123.11044,173,14189
11257,49.74732,-123.11044,0,0
11257,49.74714,-123.11191,1,110
11257,49.74719,-123.11235,2,141
11257,49.7468,-123.1127,3,193
11257,49.74662,-123.11299,4,225
11257,49.74577,-123.11198,5,343
11257,49.74556,-123.11182,6,367
11257,49.74531,-123.11178,7,394
11257,49.74461,-123.11206,8,472
11257,49.74326,-123.11247,9,623
11257,49.74293,-123.11258,10,659
11257,49.74274,-123.11296,11,698
11257,49.74247,-123.11429,12,799
11257,49.74235,-123.11454,13,819
11257,49.74121,-123.11546,14,961
11257,49.74063,-123.11579,15,1027
11257,49.74037,-123.11581,16,1054
11257,49.74041,-123.1161,17,1079
11257,49.74038,-123.11634,18,1099
11257,49.74044,-123.11662,19,1119
11257,49.74026,-123.11673,20,1141
11257,49.74003,-123.11665,21,1166
11257,49.73907,-123.11696,22,1273
11257,49.73795,-123.11783,23,1408
11257,49.73681,-123.11919,24,1567
11257,49.73622,-123.12028,25,1668
11257,49.73554,-123.12281,26,1865
11257,49.73541,-123.12325,27,1900
11257,49.73507,-123.12344,28,1939
11257,49.73506,-123.12688,29,2186
11257,49.73559,-123.1268,30,2250
11257,49.73746,-123.1269,31,2464
11257,49.73851,-123.12691,32,2579
11257,49.73884,-123.12695,33,2615
11257,49.73926,-123.1272,34,2662
11257,49.73917,-123.12768,35,2698
11257,49.73915,-123.13036,36,2890
11257,49.74017,-123.13038,37,3002
11257,49.74014,-123.13156,38,3103
11257,49.73916,-123.13151,39,3215
11257,49.73837,-123.13153,40,3304
11257,49.73577,-123.13146,41,3595
11257,49.73553,-123.13148,42,3621
11257,49.73504,-123.13146,43,3676
11257,49.73506,-123.13288,44,3777
11257,49.73504,-123.13429,45,3877
11257,49.73502,-123.13591,46,3992
11257,49.73502,-123.13741,47,4100
11257,49.73508,-123.13689,48,4138
11257,49.73501,-123.13863,49,4264
11257,49.73499,-123.14024,50,4379
11257,49.73499,-123.1414,51,4462
11257,49.7342,-123.14214,52,4564
11257,49.73393,-123.14245,53,4603
11257,49.73252,-123.14369,54,4786
11257,49.7315,-123.14483,55,4922
11257,49.72975,-123.14608,56,5133
11257,49.72954,-123.14457,57,5242
11257,49.72944,-123.1441,58,5277
11257,49.72924,-123.14367,59,5314
11257,49.72827,-123.14223,60,5461
11257,49.72779,-123.14112,61,5556
11257,49.72751,-123.14084,62,5592
11257,49.72663,-123.14066,63,5690
11257,49.72662,-123.14099,64,5713
11257,49.72669,-123.14126,65,5734
11257,49.72646,-123.14131,66,5760
11257,49.72617,-123.14129,67,5791
11257,49.72551,-123.14152,68,5874
11257,49.72519,-123.14148,69,5911
11257,49.72519,-123.14072,70,5965
11257,49.72624,-123.14064,71,6079
11257,49.72735,-123.14078,72,6201
11257,49.72766,-123.14096,73,6237
11257,49.7279,-123.14133,74,6274
11257,49.72827,-123.14223,75,6350
11257,49.72924,-123.14367,76,6497
11257,49.72944,-123.1441,77,6534
11257,49.7297,-123.1458,78,6658
11257,49.72987,-123.14692,79,6739
11257,49.72976,-123.14873,80,6867
11257,49.72972,-123.1495,81,6926
11257,49.7295,-123.1512,82,7054
11257,49.72929,-123.15317,83,7197
11257,49.72928,-123.15356,84,7227
11257,49.7292,-123.15405,85,7266
11257,49.72908,-123.1544,86,7294
11257,49.72797,-123.15578,87,7455
11257,49.72765,-123.15587,88,7493
11257,49.72758,-123.15529,89,7535
11257,49.72736,-123.15488,90,7574
11257,49.72719,-123.15474,91,7594
11257,49.72697,-123.15464,92,7619
11257,49.72582,-123.15465,93,7746
11257,49.72459,-123.15465,94,7883
11257,49.72366,-123.15465,95,7985
11257,49.7233,-123.15471,96,8028
11257,49.72281,-123.15465,97,8085
11257,49.72281,-123.15259,98,8233
11257,49.72271,-123.15086,99,8356
11257,49.72257,-123.15065,100,8377
11257,49.7215,-123.15049,101,8496
11257,49.72125,-123.15054,102,8527
11257,49.72109,-123.15048,103,8547
11257,49.71895,-123.15047,104,8783
11257,49.71872,-123.15053,105,8811
11257,49.71824,-123.15048,106,8867
11257,49.71826,-123.15343,107,9079
11257,49.71826,-123.15487,108,9182
11257,49.71782,-123.15502,109,9233
11257,49.71756,-123.15508,110,9264
11257,49.71709,-123.15561,111,9328
11257,49.71623,-123.15709,112,9471
11257,49.71594,-123.1574,113,9509
11257,49.71545,-123.15764,114,9565
11257,49.71421,-123.15769,115,9703
11257,49.71365,-123.15764,116,9764
11257,49.71321,-123.15745,117,9815
11257,49.71169,-123.15638,118,10005
11257,49.71137,-123.15624,119,10045
11257,49.71055,-123.15542,120,10155
11257,49.70988,-123.15423,121,10268
11257,49.7097,-123.15398,122,10294
11257,49.70905,-123.15351,123,10377
11257,49.70784,-123.15252,124,10530
11257,49.70685,-123.15213,125,10644
11257,49.70484,-123.15143,126,10870
11257,49.70458,-123.1513,127,10903
11257,49.70381,-123.14975,128,11045
11257,49.70352,-123.14917,129,11096
11257,49.70317,-123.14964,130,11147
11257,49.70158,-123.15089,131,11344
11257,49.7016,-123.15239,132,11452
11257,49.70165,-123.15312,133,11508
11257,49.70162,-123.15401,134,11576
11257,49.70084,-123.15469,135,11676
11257,49.70001,-123.15538,136,11780
11257,49.69924,-123.15603,137,11877
11257,49.69879,-123.15485,138,11974
11257,49.69734,-123.15613,139,12162
11275,49.77058,-123.15325,0,0
11275,49.77352,-123.15596,1,385
11275,49.77422,-123.15411,2,538
11275,49.77435,-123.15357,3,585
11275,49.77499,-123.15191,4,729
11275,49.77541,-123.15001,5,873
11275,49.774,-123.14933,6,1039
11275,49.77309,-123.14873,7,1148
11275,49.77225,-123.14746,8,1276
11275,49.77148,-123.14596,9,1413
11275,49.77072,-123.14504,10,1520
11275,49.76961,-123.14429,11,1653
11275,49.76946,-123.14428,12,1673
11275,49.76933,-123.14416,13,1693
11275,49.7683,-123.1439,14,1807
11275,49.76687,-123.14396,15,1966
11275,49.76637,-123.14404,16,2024
11275,49.76594,-123.14401,17,2074
11275,49.76597,-123.14588,18,2208
11275,49.766,-123.14825,19,2377
11275,49.76604,-123.14857,20,2404
11275,49.766,-123.14921,21,2454
11275,49.76509,-123.14838,22,2572
11275,49.76415,-123.14754,23,2692
11275,49.76342,-123.14695,24,2786
11275,49.76325,-123.14672,25,2814
11275,49.76053,-123.14426,26,3164
11275,49.7597,-123.14358,27,3268
11275,49.75948,-123.14346,28,3298
11275,49.75849,-123.14259,29,3427
11275,49.75702,-123.14148,30,3612
11275,49.75687,-123.14131,31,3635
11275,49.75664,-123.14121,32,3661
11275,49.75564,-123.14124,33,3770
11275,49.75452,-123.14134,34,3897
11275,49.75323,-123.14132,35,4041
11275,49.75282,-123.14122,36,4085
11275,49.75215,-123.14078,37,4163
11275,49.75177,-123.14075,38,4203
11275,49.75067,-123.14117,39,4328
11275,49.74901,-123.14131,40,4511
11275,49.74803,-123.14131,41,4619
11275,49.74771,-123.1412,42,4653
11275,49.74689,-123.14052,43,4755
11275,49.74625,-123.13968,44,4845
11275,49.74566,-123.13833,45,4959
11275,49.74545,-123.13807,46,4987
11275,49.74525,-123.13801,47,5008
11275,49.74472,-123.13807,48,5065
11275,49.74456,-123.13818,49,5086
11275,49.74343,-123.13823,50,5212
11275,49.74272,-123.13816,51,5288
11275,49.74191,-123.13744,52,5393
11275,49.74179,-123.13724,53,5415
11275,49.74156,-123.13708,54,5441
11275,49.74081,-123.13699,55,5521
11275,49.74081,-123.13546,56,5630
11275,49.7408,-123.13393,57,5737
11275,49.74074,-123.13202,58,5880
11275,49.74079,-123.13153,59,5921
11275,49.74014,-123.13156,60,5996
11275,49.73916,-123.13151,61,6108
11275,49.73837,-123.13153,62,6197
11275,49.73577,-123.13146,63,6488
11275,49.73553,-123.13148,64,6514
11275,49.73504,-123.13146,65,6569
11275,49.73503,-123.13467,66,6797
11275,49.73465,-123.13493,67,6858
11275,49.73355,-123.13495,68,6980
11275,49.73266,-123.13531,69,7080
11275,49.73178,-123.13609,70,7193
11275,49.7307,-123.13771,71,7360
11275,49.72935,-123.14104,72,7641
11275,49.72855,-123.14313,73,7816
11275,49.72851,-123.14347,74,7840
11275,49.72867,-123.1439,75,7876
11275,49.72887,-123.14412,76,7903
11275,49.72913,-123.14423,77,7932
11275,49.72928,-123.14402,78,7954
11275,49.72924,-123.14367,79,7980
11275,49.72827,-123.14223,80,8127
11275,49.72779,-123.14112,81,8222
11275,49.72751,-123.14084,82,8258
11275,49.72663,-123.14066,83,8356
11275,49.72662,-123.14099,84,8379
11275,49.72669,-123.14126,85,8400
11275,49.72646,-123.14131,86,8426
11275,49.72617,-123.14129,87,8457
11275,49.72551,-123.14152,88,8540
11275,49.72519,-123.14148,89,8577
11275,49.72519,-123.14072,90,8631
11275,49.72624,-123.14064,91,8745
11275,49.72735,-123.14078,92,8867
11275,49.72766,-123.14096,93,8903
11275,49.7279,-123.14133,94,8940
11275,49.72827,-123.14223,95,9016
11275,49.72924,-123.14367,96,9163
11275,49.72944,-123.1441,97,9200
11275,49.7297,-123.1458,98,9324
11275,49.72987,-123.14692,99,9405
11275,49.72976,-123.14873,100,9533
11275,49.72972,-123.1495,101,9592
11275,49.7295,-123.1512,102,9720
11275,49.72929,-123.15317,103,9863
11275,49.72928,-123.15356,104,9893
11275,49.7292,-123.15405,105,9932
11275,49.72908,-123.1544,106,9960
11275,49.72797,-123.15578,107,10121
11275,49.72765,-123.15587,108,10159
11275,49.72758,-123.15529,109,10201
11275,49.72736,-123.15488,110,10240
11275,49.72719,-123.15474,111,10260
11275,49.72697,-123.15464,112,10285
11275,49.72582,-123.15465,113,10412
11275,49.72459,-123.15465,114,10549
11275,49.72366,-123.15465,115,10651
11275,49.7233,-123.15471,116,10694
11275,49.72281,-123.15465,117,10751
11275,49.72281,-123.15259,118,10899
11275,49.72271,-123.15086,119,11022
11275,49.72257,-123.15065,120,11043
11275,49.7215,-123.15049,121,11162
11275,49.72125,-123.15054,122,11193
11275,49.72109,-123.15048,123,11213
11275,49.71895,-123.15047,124,11449
11275,49.71872,-123.15053,125,11477
11275,49.71824,-123.15048,126,11533
11275,49.71826,-123.15343,127,11745
11275,49.71826,-123.15487,128,11848
11275,49.71782,-123.15502,129,11899
11275,49.71756,-123.15508,130,11930
11275,49.71709,-123.15561,131,11994
11275,49.71623,-123.15709,132,12137
11275,49.71594,-123.1574,133,12175
11275,49.71545,-123.15764,134,12231
11275,49.71421,-123.15769,135,12369
11275,49.71365,-123.15764,136,12430
11275,49.71321,-123.15745,137,12481
11275,49.71169,-123.15638,138,12671
11275,49.71137,-123.15624,139,12711
11275,49.71055,-123.15542,140,12821
11275,49.70988,-123.15423,141,12934
11275,49.7097,-123.15398,142,12960
11275,49.70905,-123.15351,143,13043
11275,49.70784,-123.15252,144,13196
11275,49.70685,-123.15213,145,13310
11275,49.70484,-123.15143,146,13536
11275,49.70458,-123.1513,147,13569
11275,49.70381,-123.14975,148,13711
11275,49.70352,-123.14917,149,13762
11275,49.70317,-123.14964,150,13813
11275,49.70158,-123.15089,151,14010
11275,49.7016,-123.15239,152,14118
11275,49.70165,-123.15312,153,14174
11275,49.70162,-123.15401,154,14242
11275,49.70084,-123.15469,155,14342
11275,49.70001,-123.15538,156,14446
11275,49.69924,-123.15603,157,14543
11275,49.69879,-123.15485,158,14640
11275,49.69734,-123.15613,159,14828
11286,49.74732,-123.11044,0,0
11286,49.74714,-123.11191,1,110
11286,49.74719,-123.11235,2,141
11286,49.7468,-123.1127,3,193
11286,49.74662,-123.11299,4,225
11286,49.74577,-123.11198,5,343
11286,49.74556,-123.11182,6,367
11286,49.74531,-123.11178,7,394
11286,49.74461,-123.11206,8,472
11286,49.74326,-123.11247,9,623
11286,49.74293,-123.11258,10,659
11286,49.74274,-123.11296,11,698
11286,49.74247,-123.11429,12,799
11286,49.74235,-123.11454,13,819
11286,49.74121,-123.11546,14,961
11286,49.74063,-123.11579,15,1027
11286,49.74037,-123.11581,16,1054
11286,49.74041,-123.1161,17,1079
11286,49.74038,-123.11634,18,1099
11286,49.74044,-123.11662,19,1119
11286,49.74026,-123.11673,20,1141
11286,49.74003,-123.11665,21,1166
11286,49.73907,-123.11696,22,1273
11286,49.73795,-123.11783,23,1408
11286,49.73681,-123.11919,24,1567
11286,49.73622,-123.12028,25,1668
11286,49.73554,-123.12281,26,1865
11286,49.73541,-123.12325,27,1900
11286,49.73507,-123.12344,28,1939
11286,49.73506,-123.12688,29,2186
11286,49.73559,-123.1268,30,2250
11286,49.73746,-123.1269,31,2464
11286,49.73851,-123.12691,32,2579
11286,49.73884,-123.12695,33,2615
11286,49.73966,-123.12755,34,2712
11286,49.73999,-123.12798,35,2758
11286,49.7404,-123.12876,36,2829
11286,49.74071,-123.12993,37,2916
11286,49.74079,-123.13153,38,3029
11286,49.74084,-123.13243,39,3097
11309,49.73553,-123.13148,0,0
11309,49.71727,-123.15336,1,3200
11313,49.71727,-123.15336,0,0
11313,49.69734,-123.15613,1,3200
11328,49.75257,-123.13384,0,0
11328,49.75233,-123.13395,1,27
11328,49.75154,-123.13488,2,135
11328,49.75132,-123.13511,3,165
11328,49.75089,-123.13534,4,215
11328,49.74932,-123.13537,5,392
11328,49.7483,-123.13525,6,508
11328,49.74802,-123.13519,7,538
11328,49.74775,-123.13503,8,569
11328,49.74711,-123.13429,9,659
11328,49.74691,-123.13388,10,698
11328,49.74657,-123.13353,11,742
11328,49.74624,-123.13337,12,779
11328,49.74513,-123.13328,13,900
11328,49.74484,-123.13329,14,935
11328,49.74395,-123.13318,15,1035
11328,49.74306,-123.13313,16,1135
11328,49.74199,-123.13308,17,1252
11328,49.74182,-123.13313,18,1274
11328,49.7408,-123.13307,19,1390
11328,49.74074,-123.13202,20,1472
11328,49.74079,-123.13153,21,1513
11328,49.74014,-123.13156,22,1588
11328,49.73916,-123.13151,23,1700
11328,49.73837,-123.13153,24,1789
11328,49.73577,-123.13146,25,2080
11328,49.73553,-123.13148,26,2106
11328,49.73504,-123.13146,27,2161
11328,49.73503,-123.13494,28,2408
11328,49.73395,-123.1349,29,2528
11328,49.73266,-123.13531,30,2672
11328,49.73178,-123.13609,31,2785
11328,49.7307,-123.13771,32,2952
11328,49.72935,-123.14104,33,3233
11328,49.7282,-123.14403,34,3483
11328,49.72739,-123.14609,35,3657
11328,49.72673,-123.1471,36,3760
11328,49.72618,-123.14764,37,3832
11328,49.72547,-123.14803,38,3916
11328,49.72324,-123.14811,39,4162
11328,49.72307,-123.14819,40,4182
11328,49.72289,-123.14839,41,4206
11328,49.72276,-123.14867,42,4230
11328,49.72281,-123.15024,43,4341
11328,49.72297,-123.15047,44,4365
11328,49.7229,-123.1508,45,4389
11328,49.72271,-123.15086,46,4409
11328,49.72257,-123.15065,47,4430
11328,49.7215,-123.15049,48,4549
11328,49.72125,-123.15054,49,4580
11328,49.72109,-123.15048,50,4600
11328,49.71895,-123.15047,51,4836
11328,49.71824,-123.15048,52,4914
11328,49.71824,-123.14854,53,5053
11328,49.71814,-123.14827,54,5075
11328,49.71794,-123.14807,55,5100
11328,49.71776,-123.148,56,5120
11328,49.71528,-123.14794,57,5395
11328,49.71187,-123.14786,58,5774
11328,49.70908,-123.14749,59,6084
11328,49.70568,-123.14609,60,6473
11328,49.70467,-123.14573,61,6588
11328,49.70449,-123.14585,62,6609
11328,49.70401,-123.14812,63,6781
11328,49.70343,-123.14931,64,6889
11328,49.70158,-123.15089,65,7123
11328,49.7016,-123.15239,66,7231
11328,49.70165,-123.15312,67,7287
11328,49.70162,-123.15401,68,7355
11328,49.70084,-123.15469,69,7455
11328,49.70001,-123.15538,70,7559
11328,49.69924,-123.15603,71,7656
11328,49.69879,-123.15485,72,7753
11328,49.69734,-123.15613,73,7941
11329,49.71727,-123.15336,0,0
11329,49.76057,-123.1457,1,6000
11330,49.71727,-123.15336,0,0
11330,49.75257,-123.13384,1,5200
11334,49.71727,-123.15336,0,0
11334,49.7358,-123.13138,1,3200
11338,49.71727,-123.15336,0,0
11338,49.69734,-123.15613,1,3200
11343,49.69734,-123.15613,0,0
11343,49.71727,-123.15336,1,3200
11355,49.71727,-123.15336,0,0
11355,49.69734,-123.15613,1,3200
11366,49.69734,-123.15613,0,0
11366,49.7358,-123.13138,1,5400
11383,49.71727,-123.15336,0,0
11383,49.69734,-123.15613,1,3200
11385,49.73553,-123.13148,0,0
11385,49.71727,-123.15336,1,3200
11386,49.69734,-123.15613,0,0
11386,49.71727,-123.15336,1,3200
11388,49.69734,-123.15613,0,0
11388,49.71727,-123.15336,1,3200
25219,49.76779,-123.15133,0,0
25219,49.76784,-123.1509,1,35
25219,49.76894,-123.1519,2,177
25219,49.7702,-123.15301,3,338
25219,49.77103,-123.15374,4,443
25219,49.77352,-123.15596,5,763
25219,49.77422,-123.15411,6,916
25219,49.77435,-123.15357,7,963
25219,49.77499,-123.15191,8,1107
25219,49.77541,-123.15001,9,1251
25219,49.774,-123.14933,10,1417
25219,49.77309,-123.14873,11,1526
25219,49.77225,-123.14746,12,1654
25219,49.77148,-123.14596,13,1791
25219,49.77072,-123.14504,14,1898
25219,49.76961,-123.14429,15,2031
25219,49.76946,-123.14428,16,2051
25219,49.76933,-123.14416,17,2071
25219,49.7683,-123.1439,18,2185
25219,49.76687,-123.14396,19,2344
25219,49.76637,-123.14404,20,2402
25219,49.76594,-123.14401,21,2452
25219,49.76597,-123.14588,22,2586
25219,49.766,-123.14825,23,2755
25219,49.76604,-123.14857,24,2782
25219,49.766,-123.14921,25,2832
25219,49.76509,-123.14838,26,2950
25219,49.76415,-123.14754,27,3070
25219,49.76342,-123.14695,28,3164
25219,49.76325,-123.14672,29,3192
25219,49.76053,-123.14426,30,3542
25219,49.7597,-123.14358,31,3646
25219,49.75948,-123.14346,32,3676
25219,49.75849,-123.14259,33,3805
25219,49.75702,-123.14148,34,3990
25219,49.75687,-123.14131,35,4013
25219,49.75664,-123.14121,36,4039
25219,49.75564,-123.14124,37,4148
25219,49.75452,-123.14134,38,4275
25219,49.75323,-123.14132,39,4419
25219,49.75282,-123.14122,40,4463
25219,49.75215,-123.14078,41,4541
25219,49.75177,-123.14075,42,4581
25219,49.75067,-123.14117,43,4706
25219,49.74901,-123.14131,44,4889
25219,49.74803,-123.14131,45,4997
25219,49.74771,-123.1412,46,5031
25219,49.74689,-123.14052,47,5133
25219,49.74625,-123.13968,48,5223
25219,49.74566,-123.13833,49,5337
25219,49.74545,-123.13807,50,5365
25219,49.74525,-123.13801,51,5386
25219,49.74472,-123.13807,52,5443
25219,49.74456,-123.13818,53,5464
25219,49.74343,-123.13823,54,5590
25219,49.74272,-123.13816,55,5666
25219,49.74191,-123.13744,56,5771
25219,49.74179,-123.13724,57,5793
25219,49.74156,-123.13708,58,5819
25219,49.74081,-123.13699,59,5899
25219,49.74081,-123.13546,60,6008
25219,49.7408,-123.13393,61,6115
25219,49.74074,-123.13202,62,6258
25219,49.74079,-123.13153,63,6299
25219,49.74014,-123.13156,64,6374
25219,49.73916,-123.13151,65,6486
25219,49.73837,-123.13153,66,6575
25219,49.73577,-123.13146,67,6866
25219,49.73553,-123.13148,68,6892
25219,49.73504,-123.13146,69,6947
25219,49.73503,-123.13467,70,7175
25219,49.73465,-123.13493,71,7236
25219,49.73355,-123.13495,72,7358
25219,49.73266,-123.13531,73,7458
25219,49.73178,-123.13609,74,7571
25219,49.7307,-123.13771,75,7738
25219,49.72935,-123.14104,76,8019
25219,49.72855,-123.14313,77,8194
25219,49.72851,-123.14347,78,8218
25219,49.72867,-123.1439,79,8254
25219,49.72887,-123.14412,80,8281
25219,49.72913,-123.14423,81,8310
25219,49.72928,-123.14402,82,8332
25219,49.72924,-123.14367,83,8358
25219,49.72827,-123.14223,84,8505
25219,49.72779,-123.14112,85,8600
25219,49.72751,-123.14084,86,8636
25219,49.72663,-123.14066,87,8734
25219,49.72662,-123.14099,88,8757
25219,49.72669,-123.14126,89,8778
25219,49.72646,-123.14131,90,8804
25219,49.72617,-123.14129,91,8835
25219,49.72551,-123.14152,92,8918
25219,49.72519,-123.14148,93,8955
25219,49.72519,-123.14072,94,9009
25219,49.72624,-123.14064,95,9123
25219,49.72735,-123.14078,96,9245
25219,49.72766,-123.14096,97,9281
25219,49.7279,-123.14133,98,9318
25219,49.72827,-123.14223,99,9394
25219,49.72924,-123.14367,100,9541
25219,49.72944,-123.1441,101,9578
25219,49.7297,-123.1458,102,9702
25219,49.72987,-123.14692,103,9783
25219,49.72976,-123.14873,104,9911
25219,49.72972,-123.1495,105,9970
25219,49.7295,-123.1512,106,10098
25219,49.72929,-123.15317,107,10241
25219,49.72928,-123.15356,108,10271
25219,49.7292,-123.15405,109,10310
25219,49.72908,-123.1544,110,10338
25219,49.72797,-123.15578,111,10499
25219,49.72765,-123.15587,112,10537
25219,49.72758,-123.15529,113,10579
25219,49.72736,-123.15488,114,10618
25219,49.72719,-123.15474,115,10638
25219,49.72697,-123.15464,116,10663
25219,49.72582,-123.15465,117,10790
25219,49.72459,-123.15465,118,10927
25219,49.72366,-123.15465,119,11029
25219,49.7233,-123.15471,120,11072
25219,49.72281,-123.15465,121,11129
25219,49.72281,-123.15259,122,11277
25219,49.72271,-123.15086,123,11400
25219,49.72257,-123.15065,124,11421
25219,49.7215,-123.15049,125,11540
25219,49.72125,-123.15054,126,11571
25219,49.72109,-123.15048,127,11591
25219,49.71895,-123.15047,128,11827
25219,49.71872,-123.15053,129,11855
25219,49.71824,-123.15048,130,11911
25219,49.71826,-123.15343,131,12123
25219,49.71826,-123.15487,132,12226
25219,49.71782,-123.15502,133,12277
25219,49.71756,-123.15508,134,12308
25219,49.71709,-123.15561,135,12372
25219,49.71623,-123.15709,136,12515
25219,49.71594,-123.1574,137,12553
25219,49.71545,-123.15764,138,12609
25219,49.71421,-123.15769,139,12747
25219,49.71365,-123.15764,140,12808
25219,49.71321,-123.15745,141,12859
25219,49.71169,-123.15638,142,13049
25219,49.71137,-123.15624,143,13089
25219,49.71055,-123.15542,144,13199
25219,49.70988,-123.15423,145,13312
25219,49.7097,-123.15398,146,13338
25219,49.70905,-123.15351,147,13421
25219,49.70784,-123.15252,148,13574
25219,49.70685,-123.15213,149,13688
25219,49.70484,-123.15143,150,13914
25219,49.70458,-123.1513,151,13947
25219,49.70381,-123.14975,152,14089
25219,49.70352,-123.14917,153,14140
25219,49.70317,-123.14964,154,14191
25219,49.70158,-123.15089,155,14388
25219,49.7016,-123.15239,156,14496
25219,49.70165,-123.15312,157,14552
25219,49.70162,-123.15401,158,14620
25219,49.70084,-123.15469,159,14720
25219,49.70001,-123.15538,160,14824
25219,49.69924,-123.15603,161,14921
25219,49.69879,-123.15485,162,15018
25219,49.69734,-123.15613,163,15206
25229,49.7358,-123.13138,0,0
25229,49.73833,-123.13148,1,287
25229,49.73848,-123.1314,2,309
25229,49.74027,-123.13151,3,513
25229,49.74045,-123.13143,4,538
25229,49.74079,-123.13153,5,582
25229,49.74084,-123.13243,6,650
25229,49.7408,-123.13275,7,677
25229,49.74081,-123.13418,8,779
25229,49.74081,-123.13577,9,890
25229,49.74081,-123.13654,10,945
25229,49.74091,-123.13682,11,966
25229,49.74116,-123.137,12,997
25229,49.74186,-123.13721,13,1075
25229,49.74197,-123.13743,14,1097
25229,49.74235,-123.1379,15,1150
25229,49.74272,-123.13816,16,1194
25229,49.74383,-123.13822,17,1315
25229,49.7453,-123.13801,18,1474
25229,49.74549,-123.13795,19,1499
25229,49.74555,-123.13817,20,1520
25229,49.74625,-123.13968,21,1650
25229,49.74662,-123.14024,22,1706
25229,49.74748,-123.14103,23,1814
25229,49.74771,-123.1412,24,1842
25229,49.74835,-123.14134,25,1912
25229,49.74962,-123.14127,26,2052
25229,49.74978,-123.14117,27,2075
25229,49.75067,-123.14117,28,2179
25229,49.7516,-123.14079,29,2285
25229,49.75203,-123.14075,30,2331
25229,49.75291,-123.14126,31,2433
25229,49.75446,-123.14129,32,2602
25229,49.755,-123.14119,33,2667
25229,49.75647,-123.1412,34,2834
25229,49.75671,-123.14123,35,2860
25229,49.75803,-123.14221,36,3021
25229,49.75825,-123.14231,37,3051
25229,49.75921,-123.14318,38,3178
25229,49.75972,-123.1435,39,3243
25229,49.75991,-123.14375,40,3275
25229,49.76053,-123.14426,41,3353
25229,49.76057,-123.1457,42,3460
25229,49.76053,-123.14986,43,3762
25229,49.76078,-123.14978,44,3795
25229,49.76256,-123.14976,45,4005
25229,49.76277,-123.14985,46,4034
25229,49.76398,-123.14982,47,4168
25229,49.7653,-123.15049,48,4319
25229,49.76565,-123.15048,49,4363
25229,49.76601,-123.15056,50,4408
25229,49.76602,-123.15201,51,4512
25229,49.76607,-123.15321,52,4602
25229,49.76771,-123.15326,53,4812
25229,49.76786,-123.15334,54,4833
25229,49.76784,-123.15194,55,4933
25229,49.76779,-123.15133,56,4981
25238,49.69734,-123.15613,0,0
25238,49.69718,-123.1562,1,20
25238,49.69673,-123.15496,2,122
25238,49.69781,-123.15396,3,266
25238,49.69998,-123.15223,4,542
25238,49.70024,-123.15191,5,585
25238,49.70158,-123.15089,6,756
25238,49.702,-123.15045,7,818
25238,49.70271,-123.15001,8,908
25238,49.70294,-123.14966,9,944
25238,49.70348,-123.14918,10,1011
25238,49.70427,-123.15068,11,1150
25238,49.70458,-123.15122,12,1201
25238,49.70482,-123.15133,13,1233
25238,49.70634,-123.15195,14,1412
25238,49.70757,-123.15233,15,1554
25238,49.70846,-123.15296,16,1666
25238,49.70939,-123.15373,17,1781
25238,49.70966,-123.15386,18,1817
25238,49.71037,-123.15514,19,1941
25238,49.71094,-123.15585,20,2021
25238,49.71191,-123.15644,21,2141
25238,49.71353,-123.15751,22,2344
25238,49.71372,-123.15766,23,2371
25238,49.71507,-123.15765,24,2520
25238,49.71559,-123.1576,25,2577
25238,49.71594,-123.1574,26,2618
25238,49.71623,-123.15709,27,2656
25238,49.71686,-123.15603,28,2759
25238,49.71729,-123.15534,29,2828
25238,49.71786,-123.15487,30,2902
25238,49.71801,-123.15491,31,2923
25238,49.71826,-123.15487,32,2950
25238,49.71826,-123.15343,33,3053
25238,49.71825,-123.15149,34,3192
25238,49.71824,-123.15048,35,3265
25238,49.71877,-123.15039,36,3329
25238,49.71895,-123.15047,37,3355
25238,49.72025,-123.15046,38,3498
25238,49.7215,-123.15049,39,3636
25238,49.72167,-123.15041,40,3660
25238,49.72208,-123.15051,41,3711
25238,49.72257,-123.15048,42,3765
25238,49.72269,-123.15026,43,3785
25238,49.72291,-123.15032,44,3810
25238,49.72297,-123.15065,45,3834
25238,49.72279,-123.15087,46,3858
25238,49.72283,-123.15164,47,3916
25238,49.72281,-123.15465,48,4136
25238,49.72324,-123.15457,49,4190
25238,49.7235,-123.15466,50,4224
25238,49.72459,-123.15465,51,4344
25238,49.72582,-123.15465,52,4481
25238,49.72697,-123.15464,53,4608
25238,49.72719,-123.15474,54,4633
25238,49.72736,-123.15488,55,4653
25238,49.72758,-123.15529,56,4692
25238,49.72765,-123.15551,57,4712
25238,49.72765,-123.15587,58,4741
25238,49.72783,-123.15586,59,4761
25238,49.72893,-123.15465,60,4910
25238,49.72908,-123.1544,61,4934
25238,49.7292,-123.15405,62,4962
25238,49.72926,-123.15298,63,5043
25238,49.72936,-123.15255,64,5080
25238,49.72947,-123.15099,65,5197
25238,49.72971,-123.14921,66,5333
25238,49.72976,-123.14812,67,5416
25238,49.72985,-123.14771,68,5451
25238,49.72987,-123.14692,69,5506
25238,49.72966,-123.14554,70,5606
25238,49.72944,-123.1441,71,5711
25238,49.72924,-123.14367,72,5748
25238,49.7285,-123.14258,73,5860
25238,49.72827,-123.14223,74,5895
25238,49.72779,-123.14112,75,5990
25238,49.72751,-123.14084,76,6026
25238,49.72663,-123.14066,77,6124
25238,49.72662,-123.14099,78,6147
25238,49.72669,-123.14126,79,6168
25238,49.72646,-123.14131,80,6194
25238,49.72617,-123.14129,81,6225
25238,49.72551,-123.14152,82,6308
25238,49.72519,-123.14148,83,6345
25238,49.72519,-123.14072,84,6399
25238,49.72663,-123.14066,85,6555
25238,49.72662,-123.14099,86,6578
25238,49.72669,-123.14126,87,6599
25238,49.7273,-123.14228,88,6699
25238,49.72767,-123.14274,89,6751
25238,49.72777,-123.14304,90,6775
25238,49.7278,-123.14386,91,6833
25238,49.72806,-123.14393,92,6865
25238,49.72927,-123.14094,93,7120
25238,49.73022,-123.13846,94,7326
25238,49.73061,-123.13754,95,7405
25238,49.73127,-123.13647,96,7510
25238,49.73216,-123.13548,97,7632
25238,49.73304,-123.13492,98,7736
25238,49.73395,-123.13473,99,7837
25238,49.73466,-123.13474,100,7915
25238,49.73489,-123.1346,101,7942
25238,49.73504,-123.13429,102,7969
25238,49.73504,-123.13146,103,8170
25238,49.7358,-123.13138,104,8259
25238,49.73833,-123.13148,105,8546
25238,49.73848,-123.1314,106,8568
25238,49.74027,-123.13151,107,8772
25238,49.74045,-123.13143,108,8797
25238,49.74079,-123.13153,109,8841
25238,49.74084,-123.13243,110,8909
25238,49.7408,-123.13275,111,8936
25238,49.74081,-123.13418,112,9038
25238,49.74081,-123.13577,113,9149
25238,49.74081,-123.13654,114,9204
25238,49.74091,-123.13682,115,9225
25238,49.74116,-123.137,116,9256
25238,49.74186,-123.13721,117,9334
25238,49.74197,-123.13743,118,9356
25238,49.74235,-123.1379,119,9409
25238,49.74272,-123.13816,120,9453
25238,49.74383,-123.13822,121,9574
25238,49.7453,-123.13801,122,9733
25238,49.74549,-123.13795,123,9758
25238,49.74555,-123.13817,124,9779
25238,49.74625,-123.13968,125,9909
25238,49.74662,-123.14024,126,9965
25238,49.74748,-123.14103,127,10073
25238,49.74771,-123.1412,128,10101
25238,49.74835,-123.14134,129,10171
25238,49.74962,-123.14127,130,10311
25238,49.74978,-123.14117,131,10334
25238,49.75067,-123.14117,132,10438
25238,49.7516,-123.14079,133,10544
25238,49.75203,-123.14075,134,10590
25238,49.75291,-123.14126,135,10692
25238,49.75446,-123.14129,136,10861
25238,49.755,-123.14119,137,10926
25238,49.75647,-123.1412,138,11093
25238,49.75671,-123.14123,139,11119
25238,49.75803,-123.14221,140,11280
25238,49.75825,-123.14231,141,11310
25238,49.75921,-123.14318,142,11437
25238,49.75972,-123.1435,143,11502
25238,49.75991,-123.14375,144,11534
25238,49.76053,-123.14426,145,11612
25238,49.76057,-123.1457,146,11719
25238,49.76053,-123.14986,147,12021
25238,49.76078,-123.14978,148,12054
25238,49.76256,-123.14976,149,12264
25238,49.76277,-123.14985,150,12293
25238,49.76398,-123.14982,151,12427
25238,49.7653,-123.15049,152,12578
25238,49.76565,-123.15048,153,12622
25238,49.76601,-123.15056,154,12667
25238,49.76602,-123.15201,155,12771
25238,49.76607,-123.15321,156,12861
25238,49.76771,-123.15326,157,13071
25238,49.76786,-123.15334,158,13092
25238,49.76784,-123.15194,159,13192
25238,49.76779,-123.15133,160,13240
25267,49.76779,-123.15133,0,0
25267,49.76784,-123.1509,1,35
25267,49.7702,-123.15301,2,338
25267,49.77352,-123.15596,3,763
25267,49.7748,-123.15251,4,1047
25267,49.77529,-123.15066,5,1191
25267,49.77541,-123.15001,6,1239
25267,49.77368,-123.14918,7,1442
25267,49.77309,-123.14873,8,1514
25267,49.77225,-123.14746,9,1642
25267,49.77148,-123.14596,10,1779
25267,49.77072,-123.14504,11,1886
25267,49.76961,-123.14429,12,2019
25267,49.76946,-123.14428,13,2039
25267,49.76933,-123.14416,14,2059
25267,49.7683,-123.1439,15,2173
25267,49.76687,-123.14396,16,2332
25267,49.76637,-123.14404,17,2390
25267,49.76594,-123.14401,18,2440
25267,49.76597,-123.14588,19,2574
25267,49.766,-123.14825,20,2743
25267,49.76604,-123.14857,21,2770
25267,49.766,-123.14921,22,2820
25267,49.76509,-123.14838,23,2938
25267,49.76415,-123.14754,24,3058
25267,49.76342,-123.14695,25,3152
25267,49.76325,-123.14672,26,3180
25267,49.76053,-123.14426,27,3530
25267,49.7597,-123.14358,28,3634
25267,49.75948,-123.14346,29,3664
25267,49.75849,-123.14259,30,3793
25267,49.75702,-123.14148,31,3978
25267,49.75687,-123.14131,32,4001
25267,49.75664,-123.14121,33,4027
25267,49.75564,-123.14124,34,4136
25267,49.75452,-123.14134,35,4263
25267,49.75323,-123.14132,36,4407
25267,49.75282,-123.14122,37,4451
25267,49.75215,-123.14078,38,4529
25267,49.75177,-123.14075,39,4569
25267,49.75067,-123.14117,40,4694
25267,49.74901,-123.14131,41,4877
25267,49.74803,-123.14131,42,4985
25267,49.74771,-123.1412,43,5019
25267,49.74689,-123.14052,44,5121
25267,49.74625,-123.13968,45,5211
25267,49.74566,-123.13833,46,5325
25267,49.74545,-123.13807,47,5353
25267,49.74525,-123.13801,48,5374
25267,49.74472,-123.13807,49,5431
25267,49.74456,-123.13818,50,5452
25267,49.74343,-123.13823,51,5578
25267,49.74272,-123.13816,52,5654
25267,49.74191,-123.13744,53,5759
25267,49.74179,-123.13724,54,5781
25267,49.74156,-123.13708,55,5807
25267,49.74081,-123.13699,56,5887
25267,49.74081,-123.13546,57,5996
25267,49.7408,-123.13393,58,6103
25267,49.74074,-123.13202,59,6246
25267,49.74079,-123.13153,60,6287
25267,49.74014,-123.13156,61,6362
25267,49.73916,-123.13151,62,6474
25267,49.73837,-123.13153,63,6563
25267,49.73577,-123.13146,64,6854
25267,49.73553,-123.13148,65,6880
25267,49.73504,-123.13146,66,6935
25267,49.73503,-123.13467,67,7163
25267,49.73465,-123.13493,68,7224
25267,49.73355,-123.13495,69,7346
25267,49.73266,-123.13531,70,7446
25267,49.73178,-123.13609,71,7559
25267,49.7307,-123.13771,72,7726
25267,49.72935,-123.14104,73,8007
25267,49.72855,-123.14313,74,8182
25267,49.72851,-123.14347,75,8206
25267,49.72867,-123.1439,76,8242
25267,49.72887,-123.14412,77,8269
25267,49.72913,-123.14423,78,8298
25267,49.72928,-123.14402,79,8320
25267,49.72924,-123.14367,80,8346
25267,49.72827,-123.14223,81,8493
25267,49.72779,-123.14112,82,8588
25267,49.72751,-123.14084,83,8624
25267,49.72663,-123.14066,84,8722
25267,49.72662,-123.14099,85,8745
25267,49.72669,-123.14126,86,8766
25267,49.72646,-123.14131,87,8792
25267,49.72617,-123.14129,88,8823
25267,49.72551,-123.14152,89,8906
25267,49.72519,-123.14148,90,8943
25267,49.72519,-123.14072,91,8997
25267,49.72624,-123.14064,92,9111
25267,49.72735,-123.14078,93,9233
25267,49.72766,-123.14096,94,9269
25267,49.7279,-123.14133,95,9306
25267,49.72827,-123.14223,96,9382
25267,49.72924,-123.14367,97,9529
25267,49.72944,-123.1441,98,9566
25267,49.7297,-123.1458,99,9690
25267,49.72987,-123.14692,100,9771
25267,49.72976,-123.14873,101,9899
25267,49.72972,-123.1495,102,9958
25267,49.7295,-123.1512,103,10086
25267,49.72929,-123.15317,104,10229
25267,49.72928,-123.15356,105,10259
25267,49.7292,-123.15405,106,10298
25267,49.72908,-123.1544,107,10326
25267,49.72797,-123.15578,108,10487
25267,49.72765,-123.15587,109,10525
25267,49.72758,-123.15529,110,10567
25267,49.72736,-123.15488,111,10606
25267,49.72719,-123.15474,112,10626
25267,49.72697,-123.15464,113,10651
25267,49.72582,-123.15465,114,10778
25267,49.72459,-123.15465,115,10915
25267,49.72366,-123.15465,116,11017
25267,49.7233,-123.15471,117,11060
25267,49.72281,-123.15465,118,11117
25267,49.72281,-123.15259,119,11265
25267,49.72271,-123.15086,120,11388
25267,49.72257,-123.15065,121,11409
25267,49.7215,-123.15049,122,11528
25267,49.72125,-123.15054,123,11559
25267,49.72109,-123.15048,124,11579
25267,49.71895,-123.15047,125,11815
25267,49.71872,-123.15053,126,11843
25267,49.71824,-123.15048,127,11899
25267,49.71826,-123.15343,128,12111
25267,49.71826,-123.15487,129,12214
25267,49.71782,-123.15502,130,12265
25267,49.71756,-123.15508,131,12296
25267,49.71709,-123.15561,132,12360
25267,49.71623,-123.15709,133,12503
25267,49.71594,-123.1574,134,12541
25267,49.71545,-123.15764,135,12597
25267,49.71421,-123.15769,136,12735
25267,49.71365,-123.15764,137,12796
25267,49.71321,-123.15745,138,12847
25267,49.71169,-123.15638,139,13037
25267,49.71137,-123.15624,140,13077
25267,49.71055,-123.15542,141,13187
25267,49.70988,-123.15423,142,13300
25267,49.7097,-123.15398,143,13326
25267,49.70905,-123.15351,144,13409
25267,49.70784,-123.15252,145,13562
25267,49.70685,-123.15213,146,13676
25267,49.70484,-123.15143,147,13902
25267,49.70458,-123.1513,148,13935
25267,49.70381,-123.14975,149,14077
25267,49.70352,-123.14917,150,14128
25267,49.70317,-123.14964,151,14179
25267,49.70158,-123.15089,152,14376
25267,49.7016,-123.15239,153,14484
25267,49.70165,-123.15312,154,14540
25267,49.70162,-123.15401,155,14608
25267,49.70084,-123.15469,156,14708
25267,49.70001,-123.15538,157,14812
25267,49.69924,-123.15603,158,14909
25267,49.69879,-123.15485,159,15006
25267,49.69734,-123.15613,160,15194
25269,49.69734,-123.15613,0,0
25269,49.69718,-123.1562,1,20
25269,49.69673,-123.15496,2,122
25269,49.69781,-123.15396,3,266
25269,49.69998,-123.15223,4,542
25269,49.70024,-123.15191,5,585
25269,49.70158,-123.15089,6,756
25269,49.702,-123.15045,7,818
25269,49.70271,-123.15001,8,908
25269,49.70294,-123.14966,9,944
25269,49.70348,-123.14918,10,1011
25269,49.70427,-123.15068,11,1150
25269,49.70458,-123.15122,12,1201
25269,49.70482,-123.15133,13,1233
25269,49.70634,-123.15195,14,1412
25269,49.70757,-123.15233,15,1554
25269,49.70846,-123.15296,16,1666
25269,49.70939,-123.15373,17,1781
25269,49.70966,-123.15386,18,1817
25269,49.71037,-123.15514,19,1941
25269,49.71094,-123.15585,20,2021
25269,49.71191,-123.15644,21,2141
25269,49.71353,-123.15751,22,2344
25269,49.71372,-123.15766,23,2371
25269,49.71507,-123.15765,24,2520
25269,49.71559,-123.1576,25,2577
25269,49.71594,-123.1574,26,2618
25269,49.71623,-123.15709,27,2656
25269,49.71686,-123.15603,28,2759
25269,49.71729,-123.15534,29,2828
25269,49.71786,-123.15487,30,2902
25269,49.71801,-123.15491,31,2923
25269,49.71826,-123.15487,32,2950
25269,49.71826,-123.15343,33,3053
25269,49.71825,-123.15149,34,3192
25269,49.71824,-123.15048,35,3265
25269,49.71877,-123.15039,36,3329
25269,49.71895,-123.15047,37,3355
25269,49.72025,-123.15046,38,3498
25269,49.7215,-123.15049,39,3636
25269,49.72167,-123.15041,40,3660
25269,49.72208,-123.15051,41,3711
25269,49.72257,-123.15048,42,3765
25269,49.72269,-123.15026,43,3785
25269,49.72291,-123.15032,44,3810
25269,49.72297,-123.15065,45,3834
25269,49.72279,-123.15087,46,3858
25269,49.72283,-123.15164,47,3916
25269,49.72281,-123.15465,48,4136
25269,49.72324,-123.15457,49,4190
25269,49.7235,-123.15466,50,4224
25269,49.72459,-123.15465,51,4344
25269,49.72582,-123.15465,52,4481
25269,49.72697,-123.15464,53,4608
25269,49.72719,-123.15474,54,4633
25269,49.72736,-123.15488,55,4653
25269,49.72758,-123.15529,56,4692
25269,49.72765,-123.15551,57,4712
25269,49.72765,-123.15587,58,4741
25269,49.72783,-123.15586,59,4761
25269,49.72893,-123.15465,60,4910
25269,49.72908,-123.1544,61,4934
25269,49.7292,-123.15405,62,4962
25269,49.72926,-123.15298,63,5043
25269,49.72936,-123.15255,64,5080
25269,49.72947,-123.15099,65,5197
25269,49.72971,-123.14921,66,5333
25269,49.72976,-123.14812,67,5416
25269,49.72985,-123.14771,68,5451
25269,49.72987,-123.14692,69,5506
25269,49.72966,-123.14554,70,5606
25269,49.72944,-123.1441,71,5711
25269,49.72924,-123.14367,72,5748
25269,49.7285,-123.14258,73,5860
25269,49.72827,-123.14223,74,5895
25269,49.72779,-123.14112,75,5990
25269,49.72751,-123.14084,76,6026
25269,49.72663,-123.14066,77,6124
25269,49.72662,-123.14099,78,6147
25269,49.72669,-123.14126,79,6168
25269,49.72646,-123.14131,80,6194
25269,49.72617,-123.14129,81,6225
25269,49.72551,-123.14152,82,6308
25269,49.72519,-123.14148,83,6345
25269,49.72519,-123.14072,84,6399
25269,49.72648,-123.14065,85,6539
25269,49.72751,-123.14084,86,6653
25269,49.72779,-123.14112,87,6689
25269,49.72827,-123.14223,88,6784
25269,49.72924,-123.14367,89,6931
25269,49.72944,-123.1441,90,6968
25269,49.72966,-123.14554,91,7073
25269,49.72984,-123.14579,92,7100
25269,49.73007,-123.14587,93,7125
25269,49.73121,-123.14505,94,7263
25269,49.73218,-123.14405,95,7390
25269,49.73337,-123.14275,96,7558
25269,49.73351,-123.14278,97,7579
25269,49.73441,-123.14195,98,7695
25269,49.73499,-123.1414,99,7770
25269,49.73499,-123.13976,100,7887
25269,49.73497,-123.13732,101,8067
25269,49.73503,-123.13543,102,8207
25269,49.73505,-123.13378,103,8324
25269,49.73505,-123.13207,104,8446
25269,49.73504,-123.13146,105,8489
25269,49.7358,-123.13138,106,8578
25269,49.73833,-123.13148,107,8865
25269,49.73848,-123.1314,108,8887
25269,49.74027,-123.13151,109,9091
25269,49.74045,-123.13143,110,9116
25269,49.74079,-123.13153,111,9160
25269,49.74071,-123.12993,112,9273
25269,49.7405,-123.12904,113,9338
25269,49.73999,-123.12798,114,9431
25269,49.73918,-123.12714,115,9537
25269,49.73914,-123.12675,116,9573
25269,49.73922,-123.12507,117,9694
25269,49.74007,-123.12404,118,9815
25269,49.74037,-123.12368,119,9856
25269,49.74028,-123.12348,120,9876
25269,49.73929,-123.12356,121,9983
25269,49.73858,-123.12345,122,10061
25269,49.7384,-123.12332,123,10082
25269,49.73775,-123.12218,124,10188
25269,49.73752,-123.12168,125,10231
25269,49.7379,-123.12092,126,10311
25269,49.7381,-123.12083,127,10341
25269,49.73923,-123.11937,128,10505
25269,49.73956,-123.11899,129,10550
25269,49.73992,-123.1188,130,10594
25269,49.74028,-123.11889,131,10638
25269,49.74029,-123.11687,132,10783
25269,49.74022,-123.11656,133,10805
25269,49.74029,-123.11626,134,10827
25269,49.74024,-123.11508,135,10916
25269,49.74029,-123.11056,136,11247
25269,49.74024,-123.11026,137,11268
25269,49.74033,-123.10951,138,11320
25269,49.74023,-123.10905,139,11363
25269,49.7403,-123.1088,140,11389
25269,49.74014,-123.10762,141,11475
25269,49.73949,-123.10608,142,11606
25269,49.73942,-123.10577,143,11628
25269,49.7394,-123.10549,144,11648
25269,49.73961,-123.10417,145,11741
25269,49.73959,-123.10382,146,11765
25269,49.73951,-123.10348,147,11790
25269,49.73937,-123.10319,148,11815
25269,49.7391,-123.10292,149,11849
25269,49.73759,-123.1024,150,12019
25269,49.73706,-123.10218,151,12076
25269,49.73685,-123.10197,152,12101
25269,49.73666,-123.10165,153,12129
25269,49.73643,-123.10095,154,12186
25269,49.73654,-123.10013,155,12246
25269,49.73687,-123.09908,156,12334
25269,49.73702,-123.09911,157,12355
25269,49.737,-123.09945,158,12382
25269,49.73686,-123.09976,159,12409
25269,49.73667,-123.10057,160,12470
25269,49.73673,-123.10101,161,12501
25269,49.73691,-123.10158,162,12544
25269,49.73751,-123.10209,163,12615
25269,49.73759,-123.1024,164,12638
25269,49.73869,-123.10268,165,12766
25269,49.73885,-123.10282,166,12790
25269,49.7391,-123.10292,167,12817
25269,49.73937,-123.10319,168,12851
25269,49.73951,-123.10348,169,12876
25269,49.73961,-123.10396,170,12911
25269,49.7396,-123.1043,171,12934
25269,49.7394,-123.10549,172,13018
25269,49.73943,-123.10588,173,13045
25269,49.74007,-123.10742,174,13176
25269,49.74016,-123.10772,175,13198
25269,49.74038,-123.11,176,13361
25269,49.74053,-123.11018,177,13382
25269,49.74075,-123.11013,178,13413
25269,49.74111,-123.11021,179,13458
25269,49.7411,-123.10778,180,13633
25269,49.74105,-123.10746,181,13660
25269,49.74129,-123.10527,182,13823
25269,49.74138,-123.10484,183,13854
25269,49.74239,-123.10362,184,14000
25269,49.7429,-123.10326,185,14066
25269,49.74312,-123.10332,186,14088
25269,49.74381,-123.10424,187,14186
25269,49.74392,-123.10484,188,14232
25269,49.74413,-123.10508,189,14265
25269,49.74492,-123.10618,190,14388
25269,49.74575,-123.1072,191,14505
25269,49.74594,-123.10734,192,14532
25269,49.7461,-123.1077,193,14567
25269,49.74612,-123.10801,194,14588
25269,49.74602,-123.1083,195,14612
25269,49.74584,-123.10847,196,14634
25269,49.7449,-123.10826,197,14737
25269,49.74375,-123.10727,198,14879
25269,49.74355,-123.10716,199,14906
25269,49.74306,-123.1066,200,14977
25269,49.74243,-123.10555,201,15079
25269,49.74226,-123.10539,202,15099
25269,49.74208,-123.1053,203,15119
25269,49.74139,-123.1053,204,15193
25269,49.74112,-123.10649,205,15294
25269,49.74111,-123.11021,206,15559
25269,49.74248,-123.11022,207,15711
25269,49.74333,-123.11013,208,15811
25269,49.74429,-123.11022,209,15923
25269,49.74664,-123.11021,210,16182
25269,49.74728,-123.11021,211,16254
25269,49.74732,-123.11044,212,16274
25287,49.69734,-123.15613,0,0
25287,49.69718,-123.1562,1,20
25287,49.69673,-123.15496,2,122
25287,49.69781,-123.15396,3,266
25287,49.69998,-123.15223,4,542
25287,49.70024,-123.15191,5,585
25287,49.70158,-123.15089,6,756
25287,49.702,-123.15045,7,818
25287,49.70271,-123.15001,8,908
25287,49.70294,-123.14966,9,944
25287,49.70348,-123.14918,10,1011
25287,49.70427,-123.15068,11,1150
25287,49.70458,-123.15122,12,1201
25287,49.70482,-123.15133,13,1233
25287,49.70634,-123.15195,14,1412
25287,49.70757,-123.15233,15,1554
25287,49.70846,-123.15296,16,1666
25287,49.70939,-123.15373,17,1781
25287,49.70966,-123.15386,18,1817
25287,49.71037,-123.15514,19,1941
25287,49.71094,-123.15585,20,2021
25287,49.71191,-123.15644,21,2141
25287,49.71353,-123.15751,22,2344
25287,49.71372,-123.15766,23,2371
25287,49.71507,-123.15765,24,2520
25287,49.71559,-123.1576,25,2577
25287,49.71594,-123.1574,26,2618
25287,49.71623,-123.15709,27,2656
25287,49.71686,-123.15603,28,2759
25287,49.71729,-123.15534,29,2828
25287,49.71786,-123.15487,30,2902
25287,49.71801,-123.15491,31,2923
25287,49.71826,-123.15487,32,2950
25287,49.71826,-123.15343,33,3053
25287,49.71825,-123.15149,34,3192
25287,49.71824,-123.15048,35,3265
25287,49.71877,-123.15039,36,3329
25287,49.71895,-123.15047,37,3355
25287,49.72025,-123.15046,38,3498
25287,49.7215,-123.15049,39,3636
25287,49.72167,-123.15041,40,3660
25287,49.72208,-123.15051,41,3711
25287,49.72257,-123.15048,42,3765
25287,49.72269,-123.15026,43,3785
25287,49.72291,-123.15032,44,3810
25287,49.72297,-123.15065,45,3834
25287,49.72279,-123.15087,46,3858
25287,49.72283,-123.15164,47,3916
25287,49.72281,-123.15465,48,4136
25287,49.72324,-123.15457,49,4190
25287,49.7235,-123.15466,50,4224
25287,49.72459,-123.15465,51,4344
25287,49.72582,-123.15465,52,4481
25287,49.72697,-123.15464,53,4608
25287,49.72719,-123.15474,54,4633
25287,49.72736,-123.15488,55,4653
25287,49.72758,-123.15529,56,4692
25287,49.72765,-123.15551,57,4712
25287,49.72765,-123.15587,58,4741
25287,49.72783,-123.15586,59,4761
25287,49.72893,-123.15465,60,4910
25287,49.72908,-123.1544,61,4934
25287,49.7292,-123.15405,62,4962
25287,49.72926,-123.15298,63,5043
25287,49.72936,-123.15255,64,5080
25287,49.72947,-123.15099,65,5197
25287,49.72971,-123.14921,66,5333
25287,49.72976,-123.14812,67,5416
25287,49.72985,-123.14771,68,5451
25287,49.72987,-123.14692,69,5506
25287,49.72966,-123.14554,70,5606
25287,49.72944,-123.1441,71,5711
25287,49.72924,-123.14367,72,5748
25287,49.7285,-123.14258,73,5860
25287,49.72827,-123.14223,74,5895
25287,49.72779,-123.14112,75,5990
25287,49.72751,-123.14084,76,6026
25287,49.72663,-123.14066,77,6124
25287,49.72662,-123.14099,78,6147
25287,49.72669,-123.14126,79,6168
25287,49.72646,-123.14131,80,6194
25287,49.72617,-123.14129,81,6225
25287,49.72551,-123.14152,82,6308
25287,49.72519,-123.14148,83,6345
25287,49.72519,-123.14072,84,6399
25287,49.72648,-123.14065,85,6539
25287,49.72751,-123.14084,86,6653
25287,49.72779,-123.14112,87,6689
25287,49.72827,-123.14223,88,6784
25287,49.72924,-123.14367,89,6931
25287,49.72944,-123.1441,90,6968
25287,49.72966,-123.14554,91,7073
25287,49.72984,-123.14579,92,7100
25287,49.73007,-123.14587,93,7125
25287,49.73121,-123.14505,94,7263
25287,49.73218,-123.14405,95,7390
25287,49.73337,-123.14275,96,7558
25287,49.73314,-123.14311,97,7594
25287,49.7342,-123.14214,98,7730
25287,49.73499,-123.1414,99,7832
25287,49.73581,-123.14058,100,7940
25287,49.73662,-123.13973,101,8049
25287,49.73679,-123.13945,102,8081
25287,49.73789,-123.13838,103,8229
25287,49.73822,-123.13793,104,8284
25287,49.73897,-123.13724,105,8386
25287,49.73915,-123.13709,106,8408
25287,49.74081,-123.13699,107,8592
25287,49.74081,-123.13546,108,8701
25287,49.7408,-123.13393,109,8808
25287,49.74074,-123.13202,110,8951
25287,49.74079,-123.13153,111,8992
25287,49.74014,-123.13156,112,9067
25287,49.73916,-123.13151,113,9179
25287,49.73837,-123.13153,114,9268
25287,49.73577,-123.13146,115,9559
25287,49.73553,-123.13148,116,9585
25287,49.73504,-123.13146,117,9640
25287,49.73504,-123.12917,118,9805
25287,49.73506,-123.12688,119,9969
25287,49.73501,-123.12652,120,10000
25287,49.73507,-123.12344,121,10226
25287,49.73507,-123.12315,122,10247
25287,49.73539,-123.12306,123,10280
25287,49.73554,-123.12281,124,10306
25287,49.736,-123.12105,125,10443
25287,49.73635,-123.11997,126,10529
25287,49.7367,-123.11933,127,10588
25287,49.73773,-123.11806,128,10734
25287,49.73855,-123.11728,129,10839
25287,49.73963,-123.11674,130,10961
25287,49.74003,-123.11665,131,11005
25287,49.74024,-123.11651,132,11029
25287,49.74024,-123.11508,133,11136
25287,49.74029,-123.11056,134,11467
25287,49.74024,-123.11026,135,11488
25287,49.74033,-123.10951,136,11540
25287,49.74023,-123.10905,137,11583
25287,49.7403,-123.1088,138,11609
25287,49.74014,-123.10762,139,11695
25287,49.73949,-123.10608,140,11826
25287,49.73942,-123.10577,141,11848
25287,49.7394,-123.10549,142,11868
25287,49.73961,-123.10417,143,11961
25287,49.73959,-123.10382,144,11985
25287,49.73951,-123.10348,145,12010
25287,49.73937,-123.10319,146,12035
25287,49.7391,-123.10292,147,12069
25287,49.73759,-123.1024,148,12239
25287,49.73706,-123.10218,149,12296
25287,49.73685,-123.10197,150,12321
25287,49.73666,-123.10165,151,12349
25287,49.73643,-123.10095,152,12406
25287,49.73654,-123.10013,153,12466
25287,49.73687,-123.09908,154,12554
25288,49.73687,-123.09908,0,0
25288,49.73702,-123.09911,1,21
25288,49.737,-123.09945,2,48
25288,49.73686,-123.09976,3,75
25288,49.73667,-123.10057,4,136
25288,49.73673,-123.10101,5,167
25288,49.73691,-123.10158,6,210
25288,49.73751,-123.10209,7,281
25288,49.73759,-123.1024,8,304
25288,49.73869,-123.10268,9,432
25288,49.73885,-123.10282,10,456
25288,49.7391,-123.10292,11,483
25288,49.73937,-123.10319,12,517
25288,49.73951,-123.10348,13,542
25288,49.73961,-123.10396,14,577
25288,49.7396,-123.1043,15,600
25288,49.7394,-123.10549,16,684
25288,49.73943,-123.10588,17,711
25288,49.74007,-123.10742,18,842
25288,49.74016,-123.10772,19,864
25288,49.74038,-123.11,20,1027
25288,49.74044,-123.11028,21,1047
25288,49.7404,-123.11082,22,1088
25288,49.74037,-123.11581,23,1450
25288,49.74041,-123.1161,24,1475
25288,49.74038,-123.11634,25,1495
25288,49.74044,-123.11662,26,1515
25288,49.74026,-123.11673,27,1537
25288,49.74003,-123.11665,28,1562
25288,49.73907,-123.11696,29,1669
25288,49.73795,-123.11783,30,1804
25288,49.73681,-123.11919,31,1963
25288,49.73622,-123.12028,32,2064
25288,49.73554,-123.12281,33,2261
25288,49.73541,-123.12325,34,2296
25288,49.73507,-123.12344,35,2335
25288,49.73506,-123.12688,36,2582
25288,49.73504,-123.12917,37,2746
25288,49.73508,-123.13095,38,2878
25288,49.73504,-123.13146,39,2918
25288,49.7358,-123.13138,40,3007
25288,49.73833,-123.13148,41,3294
25288,49.73848,-123.1314,42,3316
25288,49.74027,-123.13151,43,3520
25288,49.74045,-123.13143,44,3545
25288,49.74079,-123.13153,45,3589
25288,49.74084,-123.13243,46,3657
25288,49.7408,-123.13275,47,3684
25288,49.74081,-123.13418,48,3786
25288,49.74081,-123.13577,49,3897
25288,49.74081,-123.13699,50,3984
25288,49.73977,-123.13707,51,4102
25288,49.73929,-123.13702,52,4159
25288,49.73897,-123.13724,53,4196
25288,49.73789,-123.13838,54,4341
25288,49.73707,-123.13926,55,4450
25288,49.73687,-123.13954,56,4482
25288,49.73581,-123.14058,57,4624
25288,49.73499,-123.1414,58,4732
25288,49.7342,-123.14214,59,4834
25288,49.73393,-123.14245,60,4873
25288,49.73252,-123.14369,61,5056
25288,49.7315,-123.14483,62,5192
25288,49.72975,-123.14608,63,5403
25288,49.72954,-123.14457,64,5512
25288,49.72944,-123.1441,65,5547
25288,49.72924,-123.14367,66,5584
25288,49.72827,-123.14223,67,5731
25288,49.72779,-123.14112,68,5826
25288,49.72751,-123.14084,69,5862
25288,49.72663,-123.14066,70,5960
25288,49.72662,-123.14099,71,5983
25288,49.72669,-123.14126,72,6004
25288,49.72646,-123.14131,73,6030
25288,49.72617,-123.14129,74,6061
25288,49.72551,-123.14152,75,6144
25288,49.72519,-123.14148,76,6181
25288,49.72519,-123.14072,77,6235
25288,49.72624,-123.14064,78,6349
25288,49.72735,-123.14078,79,6471
25288,49.72766,-123.14096,80,6507
25288,49.7279,-123.14133,81,6544
25288,49.72827,-123.14223,82,6620
25288,49.72924,-123.14367,83,6767
25288,49.72944,-123.1441,84,6804
25288,49.7297,-123.1458,85,6928
25288,49.72987,-123.14692,86,7009
25288,49.72976,-123.14873,87,7137
25288,49.72972,-123.1495,88,7196
25288,49.7295,-123.1512,89,7324
25288,49.72929,-123.15317,90,7467
25288,49.72928,-123.15356,91,7497
25288,49.7292,-123.15405,92,7536
25288,49.72908,-123.1544,93,7564
25288,49.72797,-123.15578,94,7725
25288,49.72765,-123.15587,95,7763
25288,49.72758,-123.15529,96,7805
25288,49.72736,-123.15488,97,7844
25288,49.72719,-123.15474,98,7864
25288,49.72697,-123.15464,99,7889
25288,49.72582,-123.15465,100,8016
25288,49.72459,-123.15465,101,8153
25288,49.72366,-123.15465,102,8255
25288,49.7233,-123.15471,103,8298
25288,49.72281,-123.15465,104,8355
25288,49.72281,-123.15259,105,8503
25288,49.72271,-123.15086,106,8626
25288,49.72257,-123.15065,107,8647
25288,49.7215,-123.15049,108,8766
25288,49.72125,-123.15054,109,8797
25288,49.72109,-123.15048,110,8817
25288,49.71895,-123.15047,111,9053
25288,49.71872,-123.15053,112,9081
25288,49.71824,-123.15048,113,9137
25288,49.71826,-123.15343,114,9349
25288,49.71826,-123.15487,115,9452
25288,49.71782,-123.15502,116,9503
25288,49.71756,-123.15508,117,9534
25288,49.71709,-123.15561,118,9598
25288,49.71623,-123.15709,119,9741
25288,49.71594,-123.1574,120,9779
25288,49.71545,-123.15764,121,9835
25288,49.71421,-123.15769,122,9973
25288,49.71365,-123.15764,123,10034
25288,49.71321,-123.15745,124,10085
25288,49.71169,-123.15638,125,10275
25288,49.71137,-123.15624,126,10315
25288,49.71055,-123.15542,127,10425
25288,49.70988,-123.15423,128,10538
25288,49.7097,-123.15398,129,10564
25288,49.70905,-123.15351,130,10647
25288,49.70784,-123.15252,131,10800
25288,49.70685,-123.15213,132,10914
25288,49.70484,-123.15143,133,11140
25288,49.70458,-123.1513,134,11173
25288,49.70381,-123.14975,135,11315
25288,49.70352,-123.14917,136,11366
25288,49.70317,-123.14964,137,11417
25288,49.70158,-123.15089,138,11614
25288,49.7016,-123.15239,139,11722
25288,49.70165,-123.15312,140,11778
25288,49.70162,-123.15401,141,11846
25288,49.70084,-123.15469,142,11946
25288,49.70001,-123.15538,143,12050
25288,49.69924,-123.15603,144,12147
25288,49.69879,-123.15485,145,12244
25288,49.69734,-123.15613,146,12432
25296,49.69734,-123.15613,0,0
25296,49.71727,-123.15336,1,3200
